PC Name,No,Type,State,Winning Candidate,Party,Electors,Votes,Turnout,Margin,Margin %,ACs
Adilabad,35,GEN,Andhra Pradesh,Dr. S. Venugopal Chary,Telugu Desam,"10,94,868","7,70,154",70.3 %,"1,09,723",14.20%,AC View
Adoor,17,GEN,Kerala,Kodikunnil Suresh,Indian National Congress,"10,07,138","7,03,008",69.8 %,"22,006",3.10%,AC View
Agra,73,GEN,Uttar Pradesh [1947 - 1999],Raj Babbar,Samajwadi Party,"12,50,278","6,42,572",51.4 %,"1,12,982",17.60%,AC View
Ahmedabad,10,GEN,Gujarat,Harin Pathak,Bharatiya Janta Party,"13,20,165","5,27,744",40.0 %,"52,968",10.00%,AC View
Ahmednagar,39,GEN,Maharashtra,Dilipkumar Mansukhlal Gandhi,Bharatiya Janta Party,"11,47,112","7,75,866",67.6 %,"28,457",3.70%,AC View
Ajmer,12,GEN,Rajasthan,Rasa Singh Rawat,Bharatiya Janta Party,"11,06,811","5,94,384",53.7 %,"87,674",14.80%,AC View
Akbarpur,27,SC,Uttar Pradesh [1947 - 1999],Mayawati,Bahujan Samaj Party,"12,30,232","7,49,450",60.9 %,"53,386",7.10%,AC View
Akola,19,GEN,Maharashtra,Ambedkar Prakash Yashwant,Bharipa Bahujan Mahasangh,"11,45,140","6,98,216",61.0 %,"8,716",1.20%,AC View
Aligarh,76,GEN,Uttar Pradesh [1947 - 1999],Sheela Gautam,Bharatiya Janta Party,"12,53,174","5,64,618",45.1 %,"80,817",14.30%,AC View
Alipurduars,2,ST,West Bengal,Joachim Baxla,Revolutionary Socialist Party,"10,39,377","7,77,585",74.8 %,"1,53,133",19.70%,AC View
Allahabad,56,GEN,Uttar Pradesh [1947 - 1999],Dr. Murli Manohar Joshi,Bharatiya Janta Party,"14,10,588","6,48,551",46.0 %,"70,331",10.80%,AC View
Alleppey,15,GEN,Kerala,V.M. Sudheeran,Indian National Congress,"10,33,539","7,93,041",76.7 %,"35,094",4.40%,AC View
Almora,3,GEN,Uttar Pradesh [1947 - 1999],Bachi Singh Rawat,Bharatiya Janta Party,"9,65,628","4,03,872",41.8 %,"11,459",2.80%,AC View
Alwar,8,GEN,Rajasthan,Dr. Jaswant Singh Yadav,Bharatiya Janta Party,"11,56,697","6,19,741",53.6 %,"57,928",9.30%,AC View
Amalapuram,9,SC,Andhra Pradesh,Ganti Mohanachandra Balayogi,Telugu Desam,"9,08,257","6,85,230",75.4 %,"1,18,879",17.30%,AC View
Ambala,1,SC,Haryana,Rattan Lal Kataria,Bharatiya Janta Party,"10,91,846","6,98,854",64.0 %,"1,24,478",17.80%,AC View
Amethi,25,GEN,Uttar Pradesh [1947 - 1999],Sonia Gandhi,Indian National Congress,"11,10,623","6,38,178",57.5 %,"3,00,012",47.00%,AC View
Amravati,21,GEN,Maharashtra,Gudhe Anant Mahadeoappa,Shiv Sena,"11,24,886","6,98,233",62.1 %,"73,652",10.50%,AC View
Amreli,7,GEN,Gujarat,Dileep Sanghani,Bharatiya Janta Party,"8,74,521","4,16,598",47.6 %,"36,324",8.70%,AC View
Amritsar,2,GEN,Punjab,Raghunandan Lal Bhatia,Indian National Congress,"12,44,316","5,96,536",47.9 %,"31,999",5.40%,AC View
Amroha,6,GEN,Uttar Pradesh [1947 - 1999],Rashid Alvi,Bahujan Samaj Party,"12,22,239","7,78,257",63.7 %,"93,225",12.00%,AC View
Anakapalli,6,GEN,Andhra Pradesh,Ganta Srinivasa Rao,Telugu Desam,"10,35,708","7,64,079",73.8 %,"58,464",7.70%,AC View
Anand,20,GEN,Gujarat,Patel Dipakbhai Chimanbhai (Sathi),Bharatiya Janta Party,"10,47,272","5,60,573",53.5 %,"3,661",0.70%,AC View
Anantapur,25,GEN,Andhra Pradesh,Kalava Srinivasulu,Telugu Desam,"12,26,314","7,72,471",63.0 %,"21,102",2.70%,AC View
Anantnag,3,GEN,Jammu & Kashmir,Ali Mohd Naik,Jammu & Kashmir National Conference,"8,04,911","1,15,243",14.3 %,"13,492",11.70%,AC View
Andaman & Nicobar Islands,1,GEN,Andaman & Nicobar Islands,Bishnu Pada Ray,Bharatiya Janta Party,"2,47,384","1,47,102",59.5 %,"13,947",9.50%,AC View
Aonla,11,GEN,Uttar Pradesh [1947 - 1999],Kunwar Sarvraj Singh,Samajwadi Party,"10,08,983","5,92,306",58.7 %,"17,626",3.00%,AC View
Arakkonam,6,SC,Tamil Nadu,"Jagathrakshakan, S. Dr.",Dravida Munetra Kazhagam,"11,20,043","7,42,796",66.3 %,"95,644",12.90%,AC View
Arambagh,28,GEN,West Bengal,Anil Basu,Communist Party Of India (MARXIST),"11,43,407","9,44,408",82.6 %,"1,16,721",12.40%,AC View
Araria,22,SC,Bihar [1947 - 1999],Sukdeo Paswan,Rashtriya Janata Dal,"10,43,070","6,48,975",62.2 %,"2,169",0.30%,AC View
Arrah,36,GEN,Bihar [1947 - 1999],Ram Prasad Singh,Rashtriya Janata Dal,"11,21,825","6,89,472",61.5 %,"92,282",13.40%,AC View
Arunachal East,2,GEN,Arunachal Pradesh,Wangcha Rajkumar,Indian National Congress,"2,65,446","1,96,263",73.9 %,"41,403",21.10%,AC View
Arunachal West,1,GEN,Arunachal Pradesh,Jarbom Gamlin,Indian National Congress,"3,46,126","2,44,968",70.8 %,"60,723",24.80%,AC View
Asansol,38,SC,West Bengal,Bikash Chowdhury,Communist Party Of India (MARXIST),"12,65,480","8,29,147",65.5 %,"37,864",4.60%,AC View
Aska,10,GEN,Orissa,Naveen Patnaik,Biju Janata Dal,"11,75,865","4,85,324",41.3 %,"2,56,736",52.90%,AC View
Aurangabad,40,GEN,Bihar [1947 - 1999],Shyama Singh,Indian National Congress,"10,91,472","6,83,925",62.7 %,"70,416",10.30%,AC View
Aurangabad,33,GEN,Maharashtra,Chandrakant Khaire,Shiv Sena,"13,72,209","9,06,465",66.1 %,"55,889",6.20%,AC View
Autonomous District,3,ST,Assam,Dr Jayanta Rongpi,Communist Party Of India (MARXIST-LENINIST) (LIBERATION),"5,35,818","3,96,516",74.0 %,"59,875",15.10%,AC View
Azamgarh,45,GEN,Uttar Pradesh [1947 - 1999],Rama Kant Yadav,Samajwadi Party,"12,15,261","6,61,604",54.4 %,"26,979",4.10%,AC View
Badagara,3,GEN,Kerala,A.K. Premajam,Communist Party Of India (MARXIST),"11,55,934","8,61,933",74.6 %,"25,844",3.00%,AC View
Bagaha,1,SC,Bihar [1947 - 1999],Mahendra Baitha,Janata Dal (United),"10,28,588","5,79,180",56.3 %,"54,751",9.50%,AC View
Bagalkot,27,GEN,Karnataka,R.S. Patil,Indian National Congress,"11,27,960","7,83,829",69.5 %,"76,434",9.80%,AC View
Baghpat,81,GEN,Uttar Pradesh [1947 - 1999],Ajit Singh,Rashtriya Lok Dal,"13,21,056","7,54,521",57.1 %,"1,54,419",20.50%,AC View
Bahraich,31,GEN,Uttar Pradesh [1947 - 1999],Padamsen Chaudhary,Bharatiya Janta Party,"12,26,445","6,04,614",49.3 %,"5,751",1.00%,AC View
Balaghat,23,GEN,Madhya Pradesh [1947 - 1999],Prahladsingh Patel,Bharatiya Janta Party,"9,16,432","5,83,843",63.7 %,"20,678",3.50%,AC View
Balasore,2,ST,Orissa,Mahameghabahan Aira Kharabela Swain,Bharatiya Janta Party,"12,42,578","7,75,874",62.4 %,"1,36,372",17.60%,AC View
Balia,19,GEN,Bihar [1947 - 1999],Ramjivan Singh,Janata Dal (United),"9,96,579","5,06,250",50.8 %,"12,032",2.40%,AC View
Ballia,43,GEN,Uttar Pradesh [1947 - 1999],Chandra Shekhar,Samajwadi Janata Party (RASHTRIYA),"12,87,826","6,19,524",48.1 %,"55,675",9.00%,AC View
Balrampur,32,GEN,Uttar Pradesh [1947 - 1999],Rizvan Zaheer Alias Rijju Bhaiya,Samajwadi Party,"11,64,886","6,77,854",58.2 %,"20,157",3.00%,AC View
Balurghat,6,GEN,West Bengal,Barman Ranen,Revolutionary Socialist Party,"11,07,468","8,51,433",76.9 %,"62,921",7.40%,AC View
Banaskantha,14,GEN,Gujarat,Chaudhary Haribhai Parthibhai,Bharatiya Janta Party,"11,06,766","6,03,174",54.5 %,"25,976",4.30%,AC View
Banda,59,GEN,Uttar Pradesh [1947 - 1999],Ram Sajiwan,Bahujan Samaj Party,"11,58,052","5,89,303",50.9 %,"28,631",4.90%,AC View
Bangalore North,12,GEN,Karnataka,C.K Jaffar Sharief,Indian National Congress,"18,27,941","10,28,370",56.3 %,"1,75,605",17.10%,AC View
Bangalore South,13,GEN,Karnataka,Ananth Kumar,Bharatiya Janta Party,"14,87,215","8,05,034",54.1 %,"66,054",8.20%,AC View
Banka,29,GEN,Bihar [1947 - 1999],Digvijay Singh,Janata Dal (United),"10,64,049","6,35,956",59.8 %,"21,408",3.40%,AC View
Bankura,35,GEN,West Bengal,Acharia Basudeb,Communist Party Of India (MARXIST),"10,41,325","7,41,303",71.2 %,"1,06,998",14.40%,AC View
Bansgaon,37,SC,Uttar Pradesh [1947 - 1999],Raj Narayan Pasi,Bharatiya Janta Party,"12,79,729","6,08,738",47.6 %,"9,688",1.60%,AC View
Banswara,16,GEN,Rajasthan,Tara Chand Bhagora,Indian National Congress,"11,82,232","6,57,518",55.6 %,"1,16,264",17.70%,AC View
Bapatla,16,GEN,Andhra Pradesh,D. Rama Naidu,Telugu Desam,"10,77,815","7,27,105",67.5 %,"92,457",12.70%,AC View
Bara Banki,29,SC,Uttar Pradesh [1947 - 1999],Ram Sagar,Samajwadi Party,"10,89,797","6,31,347",57.9 %,"55,278",8.80%,AC View
Baramati,43,GEN,Maharashtra,Pawar Sharadchandra Govindrao,Nationalist Congress Party,"14,62,248","9,23,036",63.1 %,"2,98,903",32.40%,AC View
Baramulla,1,GEN,Jammu & Kashmir,Abdul Rashid Shaheen,Jammu & Kashmir National Conference,"7,63,639","2,12,180",27.8 %,"36,113",17.00%,AC View
Barasat,13,SC,West Bengal,Dr.Ranjit Kumar Panja,All India Trinamool Congress,"13,03,217","10,43,590",80.1 %,"96,900",9.30%,AC View
Bareilly,12,GEN,Uttar Pradesh [1947 - 1999],Santosh Gangwar,Bharatiya Janta Party,"11,33,481","6,63,548",58.5 %,"1,34,700",20.30%,AC View
Barh,18,GEN,Bihar [1947 - 1999],Nitish Kumar,Janata Dal (United),"10,81,353","7,59,663",70.3 %,"1,335",0.20%,AC View
Barmer,23,GEN,Rajasthan,Col. Sonaram Choudhary,Indian National Congress,"14,18,389","8,41,359",59.3 %,"32,140",3.80%,AC View
Baroda,22,GEN,Gujarat,Jayaben Thakkar,Bharatiya Janta Party,"14,38,964","5,96,790",41.5 %,"92,649",15.50%,AC View
Barpeta,6,GEN,Assam,A F Golam Osmani,Indian National Congress,"10,23,625","7,67,914",75.0 %,"89,362",11.60%,AC View
Barrackpore,19,SC,West Bengal,Tarit Baran Topdar,Communist Party Of India (MARXIST),"10,40,220","8,45,189",81.3 %,"40,775",4.80%,AC View
Basirhat,14,SC,West Bengal,Ajoy Chakraborty,Communist Party Of India,"10,71,134","8,66,835",80.9 %,"82,587",9.50%,AC View
Bastar,20,ST,Madhya Pradesh [1947 - 1999],Baliram Kashyap,Bharatiya Janta Party,"9,54,405","3,75,604",39.4 %,"20,737",5.50%,AC View
Basti,34,SC,Uttar Pradesh [1947 - 1999],Shriram Chauhan,Bharatiya Janta Party,"11,81,116","5,93,932",50.3 %,"1,832",0.30%,AC View
Bayana,10,SC,Rajasthan,Bahadur Singh,Bharatiya Janta Party,"10,92,622","4,98,957",45.7 %,"33,332",6.70%,AC View
Beed,34,GEN,Maharashtra,Jaysingrao Gaikwad Patil,Bharatiya Janta Party,"11,75,871","8,51,591",72.4 %,"51,190",6.00%,AC View
Begusarai,33,GEN,Bihar [1947 - 1999],Rajo Singh,Indian National Congress,"11,10,888","6,41,348",57.7 %,"19,950",3.10%,AC View
Belgaum,25,GEN,Karnataka,Amarsinh Vasantarao Patil,Indian National Congress,"12,30,574","8,24,061",67.0 %,"49,898",6.10%,AC View
Bellary,5,SC,Karnataka,Sonia Gandhi,Indian National Congress,"12,13,055","8,47,219",69.8 %,"56,100",6.60%,AC View
Berhampore,10,GEN,West Bengal,Adhir Ranjan Chowdhury,Indian National Congress,"12,12,554","9,37,646",77.3 %,"95,391",10.20%,AC View
Berhampur,11,GEN,Orissa,Anadicharan Sahu,Bharatiya Janta Party,"11,59,468","5,80,577",50.1 %,"54,123",9.30%,AC View
Bettiah,2,GEN,Bihar [1947 - 1999],Dr Madan Prasad Jaiswal,Bharatiya Janta Party,"10,98,637","6,96,181",63.4 %,"39,650",5.70%,AC View
Betul,28,GEN,Madhya Pradesh [1947 - 1999],"Vijay Kumar Khandelwal "" Munni Bhaiya""",Bharatiya Janta Party,"10,21,086","5,46,338",53.5 %,"64,472",11.80%,AC View
Bhadrachalam,5,ST,Andhra Pradesh,Dumpa Mary Vijaya Kumari,Telugu Desam,"10,85,536","7,59,883",70.0 %,"37,103",4.90%,AC View
Bhadrak,3,GEN,Orissa,Arjun Charan Sethi,Biju Janata Dal,"11,95,146","6,84,329",57.3 %,"1,22,433",17.90%,AC View
Bhagalpur,30,GEN,Bihar [1947 - 1999],Subodh Ray,Communist Party Of India (MARXIST),"12,32,833","6,79,321",55.1 %,"45,540",6.70%,AC View
Bhandara,24,GEN,Maharashtra,Chunnilalbhau Thakur,Bharatiya Janta Party,"9,38,648","6,63,106",70.6 %,"3,819",0.60%,AC View
Bharatpur,9,SC,Rajasthan,Vishvendra Singh,Bharatiya Janta Party,"10,60,582","5,77,462",54.5 %,"97,018",16.80%,AC View
Bhatinda,11,GEN,Punjab,Bhan Singh Bhaura,Communist Party Of India,"12,17,731","6,56,684",53.9 %,"61,317",9.30%,AC View
Bhavnagar,8,SC,Gujarat,Rana Rajendrasinh Ghanshyamsinh (Rajubhai Rana),Bharatiya Janta Party,"10,23,921","4,45,277",43.5 %,"1,01,353",22.80%,AC View
Bhilwara,20,ST,Rajasthan,Vijayendra Pal Singh,Bharatiya Janta Party,"11,36,950","6,07,664",53.5 %,"14,229",2.30%,AC View
Bhind,2,GEN,Madhya Pradesh [1947 - 1999],Dr. Ramlakhan Singh,Bharatiya Janta Party,"13,05,016","6,67,131",51.1 %,"53,574",8.00%,AC View
Bhiwani,8,GEN,Haryana,Ajay Singh Chautala,Indian National Lok Dal,"10,53,603","7,40,347",70.3 %,"2,03,406",27.50%,AC View
Bhopal,30,GEN,Madhya Pradesh [1947 - 1999],Uma Bharti,Bharatiya Janta Party,"15,78,355","9,76,686",61.9 %,"1,68,864",17.30%,AC View
Bhubaneswar,9,GEN,Orissa,Prasanna Kumar Patasani,Biju Janata Dal,"13,18,560","6,25,351",47.4 %,"2,33,961",37.40%,AC View
Bidar,1,GEN,Karnataka,Ramchandra Veerappa,Bharatiya Janta Party,"12,00,598","7,61,460",63.4 %,"1,52,033",20.00%,AC View
Bijapur,28,SC,Karnataka,Basangouda Ramangouda Patil(Yatnal),Bharatiya Janta Party,"11,82,826","7,46,290",63.1 %,"36,639",4.90%,AC View
Bijnor,5,SC,Uttar Pradesh [1947 - 1999],Sheeshram Singh Ravi,Bharatiya Janta Party,"12,76,433","7,11,282",55.7 %,"23,700",3.30%,AC View
Bikaner,2,SC,Rajasthan,Rameshwar Lal Dudi,Indian National Congress,"17,62,589","9,46,682",53.7 %,"94,509",10.00%,AC View
Bikramganj,39,GEN,Bihar [1947 - 1999],Kanti Singh,Rashtriya Janata Dal,"11,28,738","7,42,514",65.8 %,"34,768",4.70%,AC View
Bilaspur,15,SC,Madhya Pradesh [1947 - 1999],Punnulal Mohale,Bharatiya Janta Party,"11,07,061","5,34,333",48.3 %,"75,333",14.10%,AC View
Bilhaur,64,GEN,Uttar Pradesh [1947 - 1999],Shyam Bihari Mishra,Bharatiya Janta Party,"12,61,013","6,38,771",50.7 %,"3,223",0.50%,AC View
Birbhum,42,GEN,West Bengal,Ram Chandra Dome,Communist Party Of India (MARXIST),"10,43,876","7,34,173",70.3 %,"1,57,156",21.40%,AC View
Bobbili,3,GEN,Andhra Pradesh,Botcha Satyanarayana,Indian National Congress,"9,49,773","7,16,703",75.5 %,"3,821",0.50%,AC View
Bolangir,16,SC,Orissa,Sangeeta Kumari Singh Deo,Bharatiya Janta Party,"10,51,199","6,42,761",61.2 %,"1,80,979",28.20%,AC View
Bolpur,41,SC,West Bengal,Somnath Chatterjee,Communist Party Of India (MARXIST),"10,37,427","7,92,871",76.4 %,"1,86,389",23.50%,AC View
Broach,23,ST,Gujarat,Mansukhbhai Vasava,Bharatiya Janta Party,"10,96,772","5,91,461",53.9 %,"47,140",8.00%,AC View
Budaun,10,GEN,Uttar Pradesh [1947 - 1999],Saleem Iqbal Shervani,Samajwadi Party,"11,08,847","6,10,270",55.0 %,"41,314",6.80%,AC View
Bulandshahr,78,GEN,Uttar Pradesh [1947 - 1999],Chhatra Pal,Bharatiya Janta Party,"10,98,334","4,99,074",45.4 %,"61,929",12.40%,AC View
Buldhana,18,GEN,Maharashtra,Adsul Anandrao Vithoba,Shiv Sena,"10,39,128","7,43,613",71.6 %,"45,007",6.10%,AC View
Bulsar,26,ST,Gujarat,Manibhai Ramjibhai Chaudhari,Bharatiya Janta Party,"11,51,087","5,96,510",51.8 %,"26,786",4.50%,AC View
Burdwan,39,GEN,West Bengal,Sar Nikhilananda,Communist Party Of India (MARXIST),"12,16,764","9,84,678",80.9 %,"3,01,683",30.60%,AC View
Buxar,37,GEN,Bihar [1947 - 1999],Lal Muni Choubey,Bharatiya Janta Party,"10,29,419","6,09,414",59.2 %,"11,606",1.90%,AC View
Calcutta North East,22,GEN,West Bengal,Ajit Kumar Panja,All India Trinamool Congress,"9,24,613","6,58,740",71.2 %,"41,574",6.30%,AC View
Calcutta North West,21,GEN,West Bengal,Sudip Bandyopadhyay,All India Trinamool Congress,"7,04,009","4,44,043",63.1 %,"94,170",21.20%,AC View
Calcutta South,23,GEN,West Bengal,Mamata Banerjee,All India Trinamool Congress,"12,02,607","8,05,268",67.0 %,"2,14,008",26.60%,AC View
Calicut,4,GEN,Kerala,K. Muraleedharan,Indian National Congress,"11,24,640","8,26,901",73.5 %,"50,402",6.10%,AC View
Cannanore,2,GEN,Kerala,A.P. Abdullakkutty,Communist Party Of India (MARXIST),"11,21,192","8,86,354",79.1 %,"10,247",1.20%,AC View
Chail,57,SC,Uttar Pradesh [1947 - 1999],Suresh Pasi,Bahujan Samaj Party,"13,10,550","5,15,937",39.4 %,"29,285",5.70%,AC View
Chamarajanagar,15,GEN,Karnataka,V.Sreenivasaprasad,Janata Dal (United),"11,01,851","8,11,900",73.7 %,"16,146",2.00%,AC View
Chandauli,51,GEN,Uttar Pradesh [1947 - 1999],Jawahar Lal Jaiswal,Samajwadi Party,"13,40,398","7,38,159",55.1 %,"73,529",10.00%,AC View
Chandigarh,1,GEN,Chandigarh,Pawan Kumar Bansal,Indian National Congress,"5,85,006","2,82,879",48.4 %,"5,449",1.90%,AC View
Chandni Chowk,5,SC,Delhi [1977 Onwards],Vijay Goel,Bharatiya Janta Party,"3,76,654","2,04,453",54.3 %,"1,995",1.00%,AC View
Chandrapur,26,GEN,Maharashtra,Puglia Nareshkumar Chunnalal,Indian National Congress,"12,24,338","8,28,220",67.7 %,"2,837",0.30%,AC View
Chapra,7,GEN,Bihar [1947 - 1999],Rajiv Pratap Rudi,Bharatiya Janta Party,"10,03,426","7,78,714",77.6 %,"43,553",5.60%,AC View
Chatra,44,GEN,Bihar [1947 - 1999],Nagmani,Rashtriya Janata Dal,"10,15,184","4,26,241",42.0 %,"55,099",12.90%,AC View
Chengalpattu,5,GEN,Tamil Nadu,"Moorthy, A.K.",Pattali Makkal Katchi,"12,00,040","6,99,911",58.3 %,"12,811",1.80%,AC View
Chhindwara,27,GEN,Madhya Pradesh [1947 - 1999],Kamal Nath,Indian National Congress,"10,55,697","6,36,741",60.3 %,"1,88,928",29.70%,AC View
Chhota Udaipur,21,ST,Gujarat,Ramsinh Rathawa,Bharatiya Janta Party,"9,62,525","5,25,505",54.6 %,"1,198",0.20%,AC View
Chidambaram,12,GEN,Tamil Nadu,"Ponnuswamy, E.",Pattali Makkal Katchi,"11,10,229","7,32,994",66.0 %,"1,19,563",16.30%,AC View
Chikballapur,9,ST,Karnataka,R.L. Jalappa,Indian National Congress,"11,89,272","8,50,230",71.5 %,"2,11,186",24.80%,AC View
Chikkodi,26,GEN,Karnataka,Jigajinagi Rameshchandappa,Janata Dal (United),"10,94,053","7,68,685",70.3 %,"84,590",11.00%,AC View
Chikmagalur,20,GEN,Karnataka,D.C.Srikantappa,Bharatiya Janta Party,"10,50,838","7,41,895",70.6 %,"30,277",4.10%,AC View
Chimur,25,GEN,Maharashtra,Diwathe Namdeo Harbaji,Bharatiya Janta Party,"10,13,322","7,80,721",77.1 %,"70,040",9.00%,AC View
Chirayinkil,19,GEN,Kerala,Varkala Radhakrishnan,Communist Party Of India (MARXIST),"10,96,417","6,91,113",63.0 %,"3,128",0.50%,AC View
Chitradurga,7,GEN,Karnataka,Shashi Kumar,Janata Dal (United),"11,77,238","8,68,544",73.8 %,"11,178",1.30%,AC View
Chittoor,21,GEN,Andhra Pradesh,Noothana Kalva Ramakrishna Reddy,Telugu Desam,"11,40,219","8,53,778",74.9 %,"18,638",2.20%,AC View
Chittorgarh,19,ST,Rajasthan,Shrichand Kriplani,Bharatiya Janta Party,"12,48,906","8,20,674",65.7 %,"37,377",4.60%,AC View
Churu,3,GEN,Rajasthan,Ram Singh Kaswan,Bharatiya Janta Party,"12,39,736","6,85,792",55.3 %,"46,809",6.80%,AC View
Coimbatore,20,GEN,Tamil Nadu,"Radhakrishnan, C.P.",Bharatiya Janta Party,"15,71,475","8,74,136",55.6 %,"54,077",6.20%,AC View
Contai,31,GEN,West Bengal,Neetish Sengupta,All India Trinamool Congress,"9,90,917","8,23,941",83.2 %,"12,133",1.50%,AC View
Cooch Behar,1,SC,West Bengal,Amar Roy Pradhan,All India Forward Bloc,"11,16,523","9,02,487",80.8 %,"1,08,165",12.00%,AC View
Cuddalore,11,GEN,Tamil Nadu,"Sankar, Adhi",Dravida Munetra Kazhagam,"11,36,122","7,24,354",63.8 %,"73,953",10.20%,AC View
Cuddapah,23,GEN,Andhra Pradesh,Vivekananda Reddy Y.S.,Indian National Congress,"10,90,670","7,39,109",67.8 %,"26,597",3.60%,AC View
Cuttack,6,GEN,Orissa,Bhartruhari Mahtab,Biju Janata Dal,"12,15,249","6,24,984",51.4 %,"2,05,317",32.90%,AC View
Dadra & Nagar Haveli,1,GEN,Dadra & Nagar Haveli,Delkar Mohanbhai Sanjibhai,Independent,"98,376","73,507",74.7 %,"14,878",20.20%,AC View
Dahanu,11,GEN,Maharashtra,Adv Chintaman Wanaga,Bharatiya Janta Party,"14,34,678","7,08,881",49.4 %,"62,270",8.80%,AC View
Dahod,17,GEN,Gujarat,Katara Babubhai Khimabhai,Bharatiya Janta Party,"10,28,979","4,77,887",46.4 %,"12,431",2.60%,AC View
Daman And Diu,1,GEN,Daman & Diu,Patel Dahyabhai Vallabhbhai,Indian National Congress,"72,216","51,811",71.7 %,"3,226",6.20%,AC View
Damoh,7,GEN,Madhya Pradesh [1947 - 1999],Dr. Ramkrishna Kusmaria,Bharatiya Janta Party,"12,40,626","5,71,868",46.1 %,"13,719",2.40%,AC View
Darbhanga,15,GEN,Bihar [1947 - 1999],Kirti Azad,Bharatiya Janta Party,"10,43,388","7,66,168",73.4 %,"55,548",7.30%,AC View
Darjeeling,4,GEN,West Bengal,S.P. Lepcha,Communist Party Of India (MARXIST),"12,76,753","5,90,023",46.2 %,"1,11,969",19.00%,AC View
Dausa,7,GEN,Rajasthan,Rajesh Pilot,Indian National Congress,"12,61,758","7,52,241",59.6 %,"6,902",0.90%,AC View
Davangere,6,ST,Karnataka,G.Mallikarjunappa,Bharatiya Janta Party,"12,17,506","8,82,717",72.5 %,"16,269",1.80%,AC View
Delhi Sadar,6,GEN,Delhi [1977 Onwards],Madan Lal Khurana,Bharatiya Janta Party,"5,29,646","2,78,297",52.5 %,"13,870",5.00%,AC View
Deogarh,18,GEN,Orissa,Debendra Pradhan,Bharatiya Janta Party,"11,68,931","6,90,605",59.1 %,"86,869",12.60%,AC View
Deoria,41,GEN,Uttar Pradesh [1947 - 1999],Shri Prakash Mani,Bharatiya Janta Party,"12,75,208","7,04,710",55.3 %,"42,141",6.00%,AC View
Dhanbad,47,GEN,Bihar [1947 - 1999],Rita Verma,Bharatiya Janta Party,"14,33,645","7,71,044",53.8 %,"14,226",1.80%,AC View
Dhandhuka,9,GEN,Gujarat,Varma Ratilal Kalidas,Bharatiya Janta Party,"10,29,877","4,72,898",45.9 %,"5,223",1.10%,AC View
Dhar,36,ST,Madhya Pradesh [1947 - 1999],Gajendra Singh Rajukhedi,Indian National Congress,"11,57,368","6,98,901",60.4 %,"34,105",4.90%,AC View
Dharmapuri,13,SC,Tamil Nadu,"Elangovan, P.D.",Pattali Makkal Katchi,"12,26,879","7,28,960",59.4 %,"25,540",3.50%,AC View
Dharwad North,24,GEN,Karnataka,Vijay Sankeshwar,Bharatiya Janta Party,"11,21,461","7,52,900",67.1 %,"41,602",5.50%,AC View
Dharwad South,23,GEN,Karnataka,Prof. I.G. Sanadi,Indian National Congress,"10,88,328","7,99,552",73.5 %,"39,198",4.90%,AC View
Dhenkanal,19,GEN,Orissa,Kamakhya Prasad Singh Deo,Indian National Congress,"11,18,853","6,11,061",54.6 %,"3,674",0.60%,AC View
Dhubri,4,GEN,Assam,Abdul Hamid,Indian National Congress,"10,50,547","8,25,531",78.6 %,"21,340",2.60%,AC View
Dhule,14,GEN,Maharashtra,Ramdas Rupla Gavit,Bharatiya Janta Party,"11,02,845","6,26,353",56.8 %,"12,985",2.10%,AC View
Diamond Harbour,17,GEN,West Bengal,Samik Lahiri,Communist Party Of India (MARXIST),"11,36,879","8,58,209",75.5 %,"71,163",8.30%,AC View
Dibrugarh,13,GEN,Assam,Paban Singh Ghatowar,Indian National Congress,"9,45,785","5,78,810",61.2 %,"67,116",11.60%,AC View
Dindigul,23,GEN,Tamil Nadu,"Sreenivaasan, C.",All India Anna Dravida Munnetra Kazhagam,"11,94,616","6,86,477",57.5 %,"20,343",3.00%,AC View
Domariaganj,35,GEN,Uttar Pradesh [1947 - 1999],Ram Pal Singh,Bharatiya Janta Party,"11,46,572","6,24,312",54.5 %,"35,567",5.70%,AC View
Dum Dum,20,SC,West Bengal,Tapan Sikdar,Bharatiya Janta Party,"15,98,044","12,09,926",75.7 %,"1,34,561",11.10%,AC View
Dumka,27,ST,Bihar [1947 - 1999],Babu Lal Marandi,Bharatiya Janta Party,"9,51,280","5,54,237",58.3 %,"4,648",0.80%,AC View
Durg,21,GEN,Madhya Pradesh [1947 - 1999],Tara Chand Sahu,Bharatiya Janta Party,"13,29,978","7,72,240",58.1 %,"44,518",5.80%,AC View
Durgapur,37,SC,West Bengal,Sunil Khan,Communist Party Of India (MARXIST),"12,12,641","8,85,335",73.0 %,"1,17,963",13.30%,AC View
East Delhi,4,GEN,Delhi [1977 Onwards],Lal Bihari Tiwari,Bharatiya Janta Party,"23,93,813","10,38,278",43.4 %,"82,760",8.00%,AC View
Eluru,11,GEN,Andhra Pradesh,Bolla Bulli Ramaiah,Telugu Desam,"11,47,205","8,52,429",74.3 %,"62,231",7.30%,AC View
Erandol,16,GEN,Maharashtra,Annasaheb M K Patil,Bharatiya Janta Party,"10,82,958","6,79,754",62.8 %,"1,04,456",15.40%,AC View
Ernakulam,11,GEN,Kerala,Adv. George Eden,Indian National Congress,"11,80,911","7,76,933",65.8 %,"1,11,305",14.30%,AC View
Etah,71,GEN,Uttar Pradesh [1947 - 1999],Kr. Devendra Singh Yadav,Samajwadi Party,"10,36,859","5,95,040",57.4 %,"52,524",8.80%,AC View
Etawah,66,GEN,Uttar Pradesh [1947 - 1999],Raghuraj Singh Shakya,Samajwadi Party,"11,48,723","6,08,768",53.0 %,"83,683",13.70%,AC View
Faizabad,28,GEN,Uttar Pradesh [1947 - 1999],Vinay Katiyar,Bharatiya Janta Party,"12,28,752","6,66,543",54.3 %,"57,562",8.60%,AC View
Faridabad,6,GEN,Haryana,Ram Chander Bainda,Bharatiya Janta Party,"13,30,157","7,55,003",56.8 %,"34,248",4.50%,AC View
Faridkot,12,GEN,Punjab,Jagmeet Singh Brar,Indian National Congress,"12,24,531","8,71,755",71.2 %,"5,148",0.60%,AC View
Farrukhabad,68,GEN,Uttar Pradesh [1947 - 1999],Chandra Bhushan Singh (Munnoo Babu),Samajwadi Party,"12,41,968","6,40,642",51.6 %,"62,562",9.80%,AC View
Fatehpur,58,GEN,Uttar Pradesh [1947 - 1999],Ashok Patel,Bharatiya Janta Party,"11,71,111","5,45,594",46.6 %,"1,063",0.20%,AC View
Ferozepur,13,GEN,Punjab,Zora Singh,Shiromani Akali Dal,"12,14,129","7,56,925",62.3 %,"14,861",2.00%,AC View
Firozabad,72,SC,Uttar Pradesh [1947 - 1999],Ram Jilal Suman,Samajwadi Party,"11,57,680","5,83,195",50.4 %,"83,368",14.30%,AC View
Gandhinagar,11,GEN,Gujarat,Lal Krishna Advani,Bharatiya Janta Party,"18,33,844","7,41,283",40.4 %,"1,88,944",25.50%,AC View
Ganganagar,1,SC,Rajasthan,Nihal Chand,Bharatiya Janta Party,"12,69,075","6,70,032",52.8 %,"95,886",14.30%,AC View
Garhwal,2,GEN,Uttar Pradesh [1947 - 1999],Maj Gen. (Rtd) Bhuwan Chandra Khanduri(A.V.S.M.),Bharatiya Janta Party,"10,36,876","4,81,176",46.4 %,"29,682",6.20%,AC View
Gauhati,7,GEN,Assam,Bijoya Chakravarty,Bharatiya Janta Party,"13,54,869","8,58,028",63.3 %,"75,238",8.80%,AC View
Gaya,43,SC,Bihar [1947 - 1999],Ramji Manjhi,Bharatiya Janta Party,"10,56,530","6,47,985",61.3 %,"20,783",3.20%,AC View
Ghatampur,63,SC,Uttar Pradesh [1947 - 1999],Pyare Lal Sankhwar,Bahujan Samaj Party,"11,12,727","5,63,152",50.6 %,105,0.00%,AC View
Ghazipur,50,GEN,Uttar Pradesh [1947 - 1999],Manoj,Bharatiya Janta Party,"13,00,013","7,43,074",57.2 %,"11,033",1.50%,AC View
Ghosi,44,GEN,Uttar Pradesh [1947 - 1999],Bal Krishna,Bahujan Samaj Party,"12,16,056","6,86,389",56.4 %,"36,501",5.30%,AC View
Giridih,46,GEN,Bihar [1947 - 1999],Ravindra Kumar Pandey,Bharatiya Janta Party,"11,15,417","5,40,501",48.5 %,"19,824",3.70%,AC View
Gobichettipalayam,19,SC,Tamil Nadu,"Kaliappan, K.K.",All India Anna Dravida Munnetra Kazhagam,"10,66,362","6,42,800",60.3 %,"30,012",4.70%,AC View
Godda,28,GEN,Bihar [1947 - 1999],Jagdambi Prasad Yadav,Bharatiya Janta Party,"10,87,573","6,42,006",59.0 %,"79,892",12.40%,AC View
Godhra,18,GEN,Gujarat,Solanki Bhupendrasinh Prabhatsinh,Bharatiya Janta Party,"10,20,262","4,83,245",47.4 %,"95,022",19.70%,AC View
Gonda,33,GEN,Uttar Pradesh [1947 - 1999],Braj Bhushan Sharan Singh,Bharatiya Janta Party,"11,59,190","5,87,726",50.7 %,"59,197",10.10%,AC View
Gopalganj,4,GEN,Bihar [1947 - 1999],Raghunath Jha,Janata Dal (United),"11,76,915","7,50,762",63.8 %,"36,124",4.80%,AC View
Gorakhpur,38,GEN,Uttar Pradesh [1947 - 1999],Aditya Nath,Bharatiya Janta Party,"12,61,260","6,58,471",52.2 %,"7,339",1.10%,AC View
Gulbarga,2,GEN,Karnataka,Iqbal Ahemed Saradgi,Indian National Congress,"12,80,563","7,73,746",60.4 %,"69,837",9.00%,AC View
Guna,4,GEN,Madhya Pradesh [1947 - 1999],Madhav Rao Scindia,Indian National Congress,"12,80,953","6,89,219",53.8 %,"2,14,428",31.10%,AC View
Guntur,15,GEN,Andhra Pradesh,Yemparala Venkateswararao,Telugu Desam,"12,39,626","7,94,709",64.1 %,"40,330",5.10%,AC View
Gurdaspur,1,GEN,Punjab,Vinod Khanna,Bharatiya Janta Party,"11,22,008","6,77,041",60.3 %,"1,399",0.20%,AC View
Gwalior,3,GEN,Madhya Pradesh [1947 - 1999],Jaibhan Singh Pavaiya,Bharatiya Janta Party,"12,80,141","6,16,741",48.2 %,"83,116",13.50%,AC View
Hajipur,8,SC,Bihar [1947 - 1999],Ram Vilas Paswan,Janata Dal (United),"10,64,323","7,90,448",74.3 %,"1,05,504",13.30%,AC View
Hamirpur,60,GEN,Uttar Pradesh [1947 - 1999],Ashok Kumar Singh Chandel,Bahujan Samaj Party,"10,57,352","6,22,575",58.9 %,"11,664",1.90%,AC View
Hamirpur,4,SC,Himachal Pradesh,Suresh Chandel,Bharatiya Janta Party,"9,37,500","5,59,673",59.7 %,"1,29,247",23.10%,AC View
Hanamkonda,38,GEN,Andhra Pradesh,Chada Suresh Reddy,Telugu Desam,"11,18,951","7,56,778",67.6 %,"85,781",11.30%,AC View
Hapur,79,GEN,Uttar Pradesh [1947 - 1999],Ramesh Chand Tomar,Bharatiya Janta Party,"15,68,097","7,36,839",47.0 %,"11,958",1.60%,AC View
Hardoi,19,SC,Uttar Pradesh [1947 - 1999],Jai Prakash,Akhil Bhartiya Lok Tantrik Congress,"10,83,894","5,60,331",51.7 %,"5,404",1.00%,AC View
Hardwar,85,SC,Uttar Pradesh [1947 - 1999],Harpal Singh Sathi,Bharatiya Janta Party,"11,83,770","6,73,563",56.9 %,"32,847",4.90%,AC View
Hassan,19,GEN,Karnataka,G.Putta Swamy Gowda,Indian National Congress,"12,17,049","8,92,801",73.4 %,"1,41,757",15.90%,AC View
Hathras,75,SC,Uttar Pradesh [1947 - 1999],Kishan Lal Diler,Bharatiya Janta Party,"11,38,146","4,67,558",41.1 %,"68,407",14.60%,AC View
Hazaribagh,48,GEN,Bihar [1947 - 1999],Yashwant Sinha,Bharatiya Janta Party,"12,13,735","6,00,310",49.5 %,"1,82,642",30.40%,AC View
Hindupur,24,GEN,Andhra Pradesh,B.K. Parthasarathi,Telugu Desam,"11,51,606","7,92,868",68.9 %,"1,34,636",17.00%,AC View
Hingoli,29,GEN,Maharashtra,Mane Shivaji Gyanbarao,Shiv Sena,"10,33,944","7,32,626",70.9 %,"80,655",11.00%,AC View
Hissar,9,GEN,Haryana,Surender Singh Barwala,Indian National Lok Dal,"10,25,344","6,46,513",63.1 %,"1,60,452",24.80%,AC View
Hooghly,27,GEN,West Bengal,Rupchand Pal,Communist Party Of India (MARXIST),"11,60,870","9,30,831",80.2 %,"12,485",1.30%,AC View
Hoshangabad,29,GEN,Madhya Pradesh [1947 - 1999],Sundar Lal Patwa,Bharatiya Janta Party,"11,53,365","6,87,218",59.6 %,"44,447",6.50%,AC View
Hoshiarpur,6,GEN,Punjab,Charanjit Singh Channi,Indian National Congress,"11,12,971","5,85,901",52.6 %,"34,206",5.80%,AC View
Howrah,24,GEN,West Bengal,Swadesh Chakraborty,Communist Party Of India (MARXIST),"13,81,960","9,95,422",72.0 %,"1,03,449",10.40%,AC View
Hyderabad,30,GEN,Andhra Pradesh,Sultan Salahuddin Owaisi,All India Majlis-E-Ittehadul Muslimoon,"15,67,225","10,83,678",69.2 %,"60,821",5.60%,AC View
Ichalkaranji,47,GEN,Maharashtra,Mane Nivedita Sambhajirao,Nationalist Congress Party,"11,16,659","8,10,963",72.6 %,"12,812",1.60%,AC View
Idukki,14,GEN,Kerala,K. Francis George,Kerala Congress,"11,21,484","7,78,940",69.5 %,"9,298",1.20%,AC View
Indore,37,GEN,Madhya Pradesh [1947 - 1999],Sumitra Mahajan,Bharatiya Janta Party,"14,78,108","8,34,579",56.5 %,"1,31,315",15.70%,AC View
Inner Manipur,1,GEN,Manipur,Th. Chaoba,Manipur State Congress Party,"6,57,928","4,46,627",67.9 %,"8,195",1.80%,AC View
Jabalpur,25,GEN,Madhya Pradesh [1947 - 1999],Jaishree Banerjee ( Bhabhi Ji),Bharatiya Janta Party,"12,41,478","5,33,865",43.0 %,"1,09,754",20.60%,AC View
Jadavpur,18,GEN,West Bengal,Krishna Bose,All India Trinamool Congress,"14,03,413","10,05,286",71.6 %,"66,765",6.60%,AC View
Jagatsinghpur,7,SC,Orissa,Trilochan Kanungo,Biju Janata Dal,"12,33,063","7,63,694",61.9 %,"1,49,282",19.50%,AC View
Jahanabad,41,GEN,Bihar [1947 - 1999],Arun Kumar,Janata Dal (United),"11,05,202","7,86,107",71.1 %,"17,287",2.20%,AC View
Jaipur,6,GEN,Rajasthan,Girdhari Lal Bhargava,Bharatiya Janta Party,"17,53,765","8,08,579",46.1 %,"1,41,790",17.50%,AC View
Jajpur,4,ST,Orissa,Jagannath Mallik,Biju Janata Dal,"11,71,211","5,99,079",51.2 %,"1,13,984",19.00%,AC View
Jalaun,62,SC,Uttar Pradesh [1947 - 1999],Brij Lal Khabri,Bahujan Samaj Party,"11,64,371","5,81,802",50.0 %,"13,352",2.30%,AC View
Jalesar,70,GEN,Uttar Pradesh [1947 - 1999],Prof. S.P. Singh Baghel,Samajwadi Party,"11,22,770","6,78,248",60.4 %,"8,062",1.20%,AC View
Jalgaon,17,GEN,Maharashtra,Y G Mahajan Sir,Bharatiya Janta Party,"11,01,166","7,43,542",67.5 %,"89,795",12.10%,AC View
Jalna,32,GEN,Maharashtra,Danve Raosaheb Dadarao Patil,Bharatiya Janta Party,"11,06,131","8,01,751",72.5 %,"1,23,909",15.50%,AC View
Jalore,22,GEN,Rajasthan,Buta Singh,Indian National Congress,"12,45,605","6,54,432",52.5 %,"35,924",5.50%,AC View
Jalpaiguri,3,SC,West Bengal,Minati Sen,Communist Party Of India (MARXIST),"11,01,898","8,44,223",76.6 %,"1,08,937",12.90%,AC View
Jammu,6,GEN,Jammu & Kashmir,Vishno Datt Sharma,Bharatiya Janta Party,"14,46,792","6,76,708",46.8 %,"1,42,019",21.00%,AC View
Jamnagar,3,GEN,Gujarat,Koradiya Chandreshbhai Valjibhai (Chandresh Patel),Bharatiya Janta Party,"9,58,418","3,61,582",37.7 %,"35,769",9.90%,AC View
Jamshedpur,50,GEN,Bihar [1947 - 1999],Abha Mahato,Bharatiya Janta Party,"11,60,562","6,35,251",54.7 %,"1,21,488",19.10%,AC View
Jangipur,8,GEN,West Bengal,Abul Hasnat Khan,Communist Party Of India (MARXIST),"10,87,203","7,85,797",72.3 %,"61,317",7.80%,AC View
Janjgir,14,GEN,Madhya Pradesh [1947 - 1999],Dr. Charandas Mahant,Indian National Congress,"12,43,772","6,72,665",54.1 %,"14,233",2.10%,AC View
Jaunpur,48,GEN,Uttar Pradesh [1947 - 1999],Chinmayanand,Bharatiya Janta Party,"12,74,445","7,02,988",55.2 %,"8,635",1.20%,AC View
Jhabua,39,ST,Madhya Pradesh [1947 - 1999],Kantilal Bhuriya,Indian National Congress,"11,12,482","6,20,445",55.8 %,"1,49,377",24.10%,AC View
Jhalawar,15,GEN,Rajasthan,Vansundhara Raje,Bharatiya Janta Party,"10,69,430","6,88,049",64.3 %,"1,52,415",22.20%,AC View
Jhanjharpur,14,GEN,Bihar [1947 - 1999],Devendra Prasad Yadav,Janata Dal (United),"10,53,943","6,84,147",64.9 %,"1,27,814",18.70%,AC View
Jhansi,61,GEN,Uttar Pradesh [1947 - 1999],Sujan Singh Bundela,Indian National Congress,"13,19,184","7,62,984",57.8 %,"82,521",10.80%,AC View
Jhargram,33,ST,West Bengal,Rupchand Murmu,Communist Party Of India (MARXIST),"9,91,504","8,03,200",81.0 %,"1,08,681",13.50%,AC View
Jhunjhunu,4,GEN,Rajasthan,Sisram Ola,Indian National Congress,"11,83,184","6,74,380",57.0 %,"76,348",11.30%,AC View
Jodhpur,24,GEN,Rajasthan,Jaswant Singh Vishnoi,Bharatiya Janta Party,"14,03,850","6,63,728",47.3 %,"1,13,297",17.10%,AC View
Jorhat,12,GEN,Assam,Bijoy Krishna Handique,Indian National Congress,"10,03,470","6,49,489",64.7 %,"99,360",15.30%,AC View
Joynagar,15,GEN,West Bengal,Sanat Kumar Mondal,Revolutionary Socialist Party,"11,16,858","8,15,915",73.1 %,"1,12,301",13.80%,AC View
Jullundur,4,SC,Punjab,Balbir Singh,Indian National Congress,"11,42,090","5,68,257",49.8 %,"34,566",6.10%,AC View
Junagadh,6,GEN,Gujarat,Chikhaliya Bhavnaben Devrajbhai,Bharatiya Janta Party,"10,79,568","5,03,628",46.7 %,"46,848",9.30%,AC View
Kaira,19,ST,Gujarat,Dinsha Patel,Indian National Congress,"10,54,781","4,94,780",46.9 %,"33,717",6.80%,AC View
Kairana,83,GEN,Uttar Pradesh [1947 - 1999],Amir Alam,Rashtriya Lok Dal,"10,99,503","7,00,065",63.7 %,"38,272",5.50%,AC View
Kaiserganj,30,GEN,Uttar Pradesh [1947 - 1999],Beni Prasad Verma,Samajwadi Party,"11,16,997","6,46,538",57.9 %,"51,559",8.00%,AC View
Kakinada,7,GEN,Andhra Pradesh,Mudragada Padmanabham,Telugu Desam,"11,71,987","8,36,085",71.3 %,"1,21,435",14.50%,AC View
Kalahandi,14,GEN,Orissa,Bikram Keshari Deo,Bharatiya Janta Party,"10,60,990","6,54,739",61.7 %,"1,16,519",17.80%,AC View
Kaliabor,11,GEN,Assam,Tarun Gogoi,Indian National Congress,"11,11,536","7,79,525",70.1 %,"1,67,392",21.50%,AC View
Kanakapura,11,GEN,Karnataka,M.V.Chandrashekara Murthy,Indian National Congress,"21,10,629","12,75,773",60.5 %,"34,017",2.70%,AC View
Kanara,22,SC,Karnataka,Margaret Alva,Indian National Congress,"11,01,130","7,73,556",70.3 %,"10,591",1.40%,AC View
Kangra,3,GEN,Himachal Pradesh,Shanta Kumar,Bharatiya Janta Party,"9,35,090","5,57,018",59.6 %,"1,00,742",18.10%,AC View
Kanker,19,ST,Madhya Pradesh [1947 - 1999],Sohan Potai,Bharatiya Janta Party,"10,36,799","5,86,231",56.5 %,"88,191",15.00%,AC View
Kannauj,67,GEN,Uttar Pradesh [1947 - 1999],Mulayam Singh Yadav,Samajwadi Party,"11,57,142","6,93,752",60.0 %,"79,139",11.40%,AC View
Kanpur,65,GEN,Uttar Pradesh [1947 - 1999],Sriprakash Jaiswal,Indian National Congress,"14,17,761","6,35,651",44.8 %,"34,459",5.40%,AC View
Kapadvanj,16,GEN,Gujarat,Vaghela Shankarsinh Laxmansinh,Indian National Congress,"11,24,201","6,74,876",60.0 %,"1,65,381",24.50%,AC View
Karad,45,GEN,Maharashtra,Shriniwas Dadasaheb Patil (Marulkar),Nationalist Congress Party,"10,34,700","7,60,075",73.5 %,"1,22,961",16.20%,AC View
Karimganj,1,SC,Assam,Nepal Chandra Das,Indian National Congress,"9,43,163","6,95,538",73.8 %,"42,259",6.10%,AC View
Karimnagar,37,GEN,Andhra Pradesh,Chennamaneni Vidyasagar Rao,Bharatiya Janta Party,"12,59,045","8,40,556",66.8 %,"19,370",2.30%,AC View
Karnal,3,SC,Haryana,I.D. Swami,Bharatiya Janta Party,"11,31,448","7,71,194",68.2 %,"1,47,854",19.20%,AC View
Karol Bagh,7,GEN,Delhi [1977 Onwards],Anita Arya,Bharatiya Janta Party,"5,71,657","2,58,309",45.2 %,"12,454",4.80%,AC View
Karur,26,GEN,Tamil Nadu,"Chinnasamy, M.",All India Anna Dravida Munnetra Kazhagam,"11,70,582","7,36,708",62.9 %,"2,847",0.40%,AC View
Kasaragod,1,GEN,Kerala,T. Govindan,Communist Party Of India (MARXIST),"11,99,964","9,31,632",77.6 %,"31,578",3.40%,AC View
Katihar,25,GEN,Bihar [1947 - 1999],Nikhil Kumar Choudhary,Bharatiya Janta Party,"10,39,500","6,47,219",62.3 %,"1,36,852",21.10%,AC View
Katwa,40,GEN,West Bengal,Mahboob Zahedi,Communist Party Of India (MARXIST),"11,83,616","9,33,089",78.8 %,"1,08,362",11.60%,AC View
Kendrapara,5,ST,Orissa,Prabhat Kumar Samantray,Biju Janata Dal,"11,21,183","6,24,939",55.7 %,"1,02,139",16.30%,AC View
Keonjhar,21,ST,Orissa,Ananta Nayak,Bharatiya Janta Party,"10,92,055","6,30,104",57.7 %,"2,22,553",35.30%,AC View
Khagaria,31,GEN,Bihar [1947 - 1999],Renu Kumari,Janata Dal (United),"10,44,431","6,72,123",64.4 %,"31,822",4.70%,AC View
Khajuraho,6,GEN,Madhya Pradesh [1947 - 1999],Satyavrat Chaturvedi ( Vinod Bhaiya ),Indian National Congress,"13,79,871","7,46,829",54.1 %,"81,137",10.90%,AC View
Khalilabad,36,GEN,Uttar Pradesh [1947 - 1999],Bhal Chandra Yadav,Samajwadi Party,"12,15,811","6,72,974",55.4 %,"30,028",4.50%,AC View
Khammam,40,GEN,Andhra Pradesh,Renuka Chowdhury,Indian National Congress,"12,28,365","9,48,088",77.2 %,"8,398",0.90%,AC View
Khandwa,34,GEN,Madhya Pradesh [1947 - 1999],Nandkumarsingh Chouhan ( Nandu Bhaiya ),Bharatiya Janta Party,"11,10,180","6,31,109",56.9 %,"1,26,103",20.00%,AC View
Khargone,35,GEN,Madhya Pradesh [1947 - 1999],Tarachand Patel,Indian National Congress,"11,56,862","6,98,922",60.4 %,"38,146",5.50%,AC View
Khed,41,SC,Maharashtra,Ashok Namdeorao Mohol,Nationalist Congress Party,"10,70,409","6,90,884",64.5 %,"57,018",8.30%,AC View
Kheri,15,GEN,Uttar Pradesh [1947 - 1999],Ravi Prakash Verma,Samajwadi Party,"12,60,158","7,17,933",57.0 %,"4,515",0.60%,AC View
Khunti,52,ST,Bihar [1947 - 1999],Kariya Munda,Bharatiya Janta Party,"8,32,168","4,12,090",49.5 %,"26,262",6.40%,AC View
Khurja,77,SC,Uttar Pradesh [1947 - 1999],Ashok Kumar Pradhan,Bharatiya Janta Party,"12,71,984","4,89,206",38.5 %,"1,10,298",22.50%,AC View
Kishanganj,23,GEN,Bihar [1947 - 1999],Syed Shahnawaz Hussain,Bharatiya Janta Party,"11,29,430","7,27,839",64.4 %,"8,648",1.20%,AC View
Kodarma,45,GEN,Bihar [1947 - 1999],Tilakdhari Pd Singh,Indian National Congress,"11,37,548","6,02,557",53.0 %,"10,178",1.70%,AC View
Kokrajhar,5,ST,Assam,Sansuma Khunggur Bwismuthiary,Independent,"11,68,480","9,10,953",78.0 %,"87,425",9.60%,AC View
Kolaba,3,GEN,Maharashtra,Ramsheth Thakur,Peasants And Workers Party Of India,"11,56,456","7,10,896",61.5 %,"43,097",6.10%,AC View
Kolar,10,GEN,Karnataka,K.H. Muniyappa,Indian National Congress,"11,45,553","8,62,812",75.3 %,"82,782",9.60%,AC View
Kolhapur,48,GEN,Maharashtra,Mandlik Sadashivrao Dadoba,Nationalist Congress Party,"10,71,598","7,75,000",72.3 %,"1,08,910",14.10%,AC View
Kopargaon,40,GEN,Maharashtra,E V Alias Balasaheb Vikhe Patil,Shiv Sena,"9,52,408","6,88,637",72.3 %,"47,415",6.90%,AC View
Koppal,4,SC,Karnataka,H.G.Ramulu,Indian National Congress,"12,43,426","7,99,066",64.3 %,"12,512",1.60%,AC View
Koraput,12,ST,Orissa,Hema Gamang,Indian National Congress,"11,20,784","5,67,490",50.6 %,"12,154",2.10%,AC View
Kota,14,GEN,Rajasthan,Raghuveer Singh Koushal,Bharatiya Janta Party,"12,19,405","6,36,456",52.2 %,"24,769",3.90%,AC View
Kottayam,13,GEN,Kerala,Suresh Kurup,Communist Party Of India (MARXIST),"10,18,385","7,33,725",72.1 %,"10,599",1.40%,AC View
Krishnagar,11,GEN,West Bengal,Satyabrata Mookherjee,Bharatiya Janta Party,"10,84,449","8,45,489",78.0 %,"22,234",2.60%,AC View
Krishnagiri,14,GEN,Tamil Nadu,"Vetriselvan, V.",Dravida Munetra Kazhagam,"11,63,690","6,97,903",60.0 %,"31,824",4.60%,AC View
Kurnool,26,GEN,Andhra Pradesh,Kambhalapati E. Krishna Murthy,Telugu Desam,"11,63,375","7,73,629",66.5 %,"24,487",3.20%,AC View
Kurukshetra,2,GEN,Haryana,Prof Kailasho Devi,Indian National Lok Dal,"10,73,147","7,30,566",68.1 %,"1,63,610",22.40%,AC View
Kutch,1,SC,Gujarat,Gadhvi Pushpadan Sambhudan,Bharatiya Janta Party,"8,72,937","3,93,586",45.1 %,"4,315",1.10%,AC View
Ladakh,4,GEN,Jammu & Kashmir,Hassan Khan,Jammu & Kashmir National Conference,"1,43,719","1,17,671",81.9 %,"2,090",1.80%,AC View
Lakhimpur,14,GEN,Assam,Ranee Narah,Indian National Congress,"10,60,744","7,67,004",72.3 %,"54,523",7.10%,AC View
Lakshadweep,1,ST,Lakshadweep,P.M. Sayeed,Indian National Congress,"37,619","30,174",80.2 %,"3,189",10.60%,AC View
Lalganj,46,SC,Uttar Pradesh [1947 - 1999],Dr. Bali Ram,Bahujan Samaj Party,"13,13,973","6,98,220",53.1 %,"30,999",4.40%,AC View
Latur,35,GEN,Maharashtra,Patil Shivraj Vishwanath,Indian National Congress,"10,97,040","7,94,945",72.5 %,"40,290",5.10%,AC View
Lohardaga,53,ST,Bihar [1947 - 1999],Dukha Bhagat,Bharatiya Janta Party,"9,38,658","3,69,875",39.4 %,"3,823",1.00%,AC View
Lucknow,20,GEN,Uttar Pradesh [1947 - 1999],Atal Bihari Vajpayee,Bharatiya Janta Party,"15,52,441","7,53,961",48.6 %,"1,23,624",16.40%,AC View
Ludhiana,9,SC,Punjab,Gurcharan Singh Galib,Indian National Congress,"14,71,530","6,74,419",45.8 %,"1,05,246",15.60%,AC View
Machhlishahr,47,GEN,Uttar Pradesh [1947 - 1999],Chandra Nath Singh,Samajwadi Party,"12,63,202","6,63,055",52.5 %,"21,159",3.20%,AC View
Machilipatnam,12,GEN,Andhra Pradesh,Ambati Brahmanaiah,Telugu Desam,"10,06,429","7,30,278",72.6 %,"82,996",11.40%,AC View
Madhepura,21,GEN,Bihar [1947 - 1999],Sharad Yadav,Janata Dal (United),"9,97,210","6,60,906",66.3 %,"30,320",4.60%,AC View
Madhubani,13,GEN,Bihar [1947 - 1999],Hukumdeo Narayan Yadav,Bharatiya Janta Party,"11,01,089","7,17,312",65.2 %,"62,615",8.70%,AC View
Madras Central,2,GEN,Tamil Nadu,Murasoli Maran,Dravida Munetra Kazhagam,"12,75,067","6,17,919",48.5 %,"1,36,949",22.20%,AC View
Madras North,1,SC,Tamil Nadu,"Kuppusamy, C.",Dravida Munetra Kazhagam,"20,41,341","8,93,936",43.8 %,"1,59,789",17.90%,AC View
Madras South,3,GEN,Tamil Nadu,"Baalu, T.R.",Dravida Munetra Kazhagam,"20,74,130","9,36,541",45.2 %,"2,40,184",25.60%,AC View
Madurai,24,GEN,Tamil Nadu,"Mohan, P.",Communist Party Of India (MARXIST),"14,29,975","7,49,441",52.4 %,"37,223",5.00%,AC View
Mahabubnagar,29,GEN,Andhra Pradesh,A.P.Jitender Reddy,Bharatiya Janta Party,"12,49,455","8,30,725",66.5 %,"50,895",6.10%,AC View
Maharajganj,6,GEN,Bihar [1947 - 1999],Prabhunath Singh,Janata Dal (United),"9,81,566","7,10,396",72.4 %,"1,04,063",14.60%,AC View
Maharajganj,39,GEN,Uttar Pradesh [1947 - 1999],Akhilesh Singh,Samajwadi Party,"11,29,627","6,85,963",60.7 %,"10,644",1.60%,AC View
Mahasamund,18,GEN,Madhya Pradesh [1947 - 1999],Shyama Charan Shukla,Indian National Congress,"10,71,547","6,92,070",64.6 %,"15,435",2.20%,AC View
Mahendragarh,7,GEN,Haryana,Dr. Sudha Yadav,Bharatiya Janta Party,"12,36,918","7,52,654",60.9 %,"1,39,140",18.50%,AC View
Mainpuri,69,GEN,Uttar Pradesh [1947 - 1999],Balram Singh Yadav,Samajwadi Party,"11,09,097","5,80,084",52.3 %,"28,026",4.80%,AC View
Malda,7,GEN,West Bengal,Abul Barkat Ataul Ghani Khan Choudhury,Indian National Congress,"10,47,279","8,19,770",78.3 %,"24,553",3.00%,AC View
Malegaon,13,GEN,Maharashtra,Mahale Haribahu Shankar,Janata Dal (Secular),"10,83,181","6,98,630",64.5 %,"4,392",0.60%,AC View
Mandi,2,GEN,Himachal Pradesh,Maheshwar Singh,Bharatiya Janta Party,"9,68,826","5,28,637",54.6 %,"1,31,025",24.80%,AC View
Mandla,24,ST,Madhya Pradesh [1947 - 1999],Faggan Singh Kulaste,Bharatiya Janta Party,"10,01,537","4,94,306",49.4 %,"6,572",1.30%,AC View
Mandsaur,40,GEN,Madhya Pradesh [1947 - 1999],Dr. Lakshaminarayan Pandey,Bharatiya Janta Party,"12,43,364","7,54,129",60.7 %,"55,485",7.40%,AC View
Mandvi,25,GEN,Gujarat,Patel Mansinhbhai Kalyanji,Bharatiya Janta Party,"10,63,704","6,16,960",58.0 %,"56,831",9.20%,AC View
Mandya,14,GEN,Karnataka,Ambareesh @ Amaranatha .M.H,Indian National Congress,"10,99,732","8,32,028",75.7 %,"1,52,180",18.30%,AC View
Mangaldoi,8,GEN,Assam,Madhab Rajbangshi,Indian National Congress,"11,80,131","8,58,529",72.8 %,"16,434",1.90%,AC View
Mangalore,17,GEN,Karnataka,V.Dhananjaya Kumar,Bharatiya Janta Party,"10,02,419","7,33,255",73.2 %,"8,469",1.20%,AC View
Manjeri,5,GEN,Kerala,E. Ahamed,Muslim League Kerala State Committee,"12,17,888","8,16,573",67.1 %,"1,23,411",15.10%,AC View
Mathura,74,GEN,Uttar Pradesh [1947 - 1999],Ch. Tejvir Singh,Bharatiya Janta Party,"11,76,548","5,40,511",45.9 %,"41,727",7.70%,AC View
Mathurapur,16,GEN,West Bengal,Radhika Ranjan Pramanik,Communist Party Of India (MARXIST),"10,76,730","8,28,886",77.0 %,"51,725",6.20%,AC View
Mavelikara,16,SC,Kerala,Ramesh Chennithala,Indian National Congress,"9,36,952","6,67,157",71.2 %,"33,443",5.00%,AC View
Mayiladuturai,29,SC,Tamil Nadu,Manishankar Aiyar,Indian National Congress,"10,30,626","6,55,586",63.6 %,"40,131",6.10%,AC View
Mayurbhanj,1,GEN,Orissa,Salkhan Murmu,Bharatiya Janta Party,"9,64,354","5,77,766",59.9 %,"1,48,082",25.60%,AC View
Medak,33,GEN,Andhra Pradesh,A. Narendra,Bharatiya Janta Party,"12,19,960","8,68,547",71.2 %,"22,083",2.50%,AC View
Meerut,80,GEN,Uttar Pradesh [1947 - 1999],Avtar Singh Bhadana,Indian National Congress,"12,69,454","7,56,275",59.6 %,"24,836",3.30%,AC View
Mehsana,12,GEN,Gujarat,Patel Atmaram Maganbhai,Indian National Congress,"11,04,439","6,36,573",57.6 %,"55,735",8.80%,AC View
Midnapore,32,GEN,West Bengal,Indrajit Gupta,Communist Party Of India,"10,99,512","8,62,567",78.5 %,"28,773",3.30%,AC View
Miryalguda,42,GEN,Andhra Pradesh,Jaipal Reddy Sudini,Indian National Congress,"12,06,229","9,31,826",77.3 %,"52,077",5.60%,AC View
Mirzapur,54,GEN,Uttar Pradesh [1947 - 1999],Phoolan Devi,Samajwadi Party,"13,56,017","7,82,304",57.7 %,"84,476",10.80%,AC View
Misrikh,18,SC,Uttar Pradesh [1947 - 1999],Sushila Saroj,Samajwadi Party,"10,89,677","6,19,588",56.9 %,"4,207",0.70%,AC View
Mizoram,1,ST,Mizoram,Vanlalzawma,Independent,"4,49,406","2,93,513",65.3 %,"68,659",23.40%,AC View
Mohanlalganj,21,SC,Uttar Pradesh [1947 - 1999],Reena Chowdhary,Samajwadi Party,"11,49,478","6,18,329",53.8 %,"35,358",5.70%,AC View
Monghyr,32,GEN,Bihar [1947 - 1999],Brahma Nand Mandal,Janata Dal (United),"11,47,663","7,12,195",62.1 %,"21,815",3.10%,AC View
Moradabad,7,GEN,Uttar Pradesh [1947 - 1999],Chandra Vijay Singh Alias Baby Raja,Akhil Bhartiya Lok Tantrik Congress,"11,56,172","6,47,988",56.1 %,"96,450",14.90%,AC View
Morena,1,SC,Madhya Pradesh [1947 - 1999],Ashok Chhaviram Argal,Bharatiya Janta Party,"12,58,860","5,00,327",39.7 %,"62,226",12.40%,AC View
Mormugao,2,GEN,Goa,Angle Ramakant Soiru,Bharatiya Janta Party,"4,95,208","2,18,851",44.2 %,"14,457",6.60%,AC View
Motihari,3,GEN,Bihar [1947 - 1999],Radha Mohan Singh,Bharatiya Janta Party,"11,12,639","6,85,679",61.6 %,"21,670",3.20%,AC View
Mukundapuram,10,GEN,Kerala,K. Karunakaran,Indian National Congress,"10,83,445","7,92,212",73.1 %,"52,463",6.60%,AC View
Mumbai North,9,SC,Maharashtra,Ram Naik,Bharatiya Janta Party,"22,22,240","9,54,260",42.9 %,"1,54,136",16.20%,AC View
Mumbai North Central,6,GEN,Maharashtra,Manohar Gajanan Joshi,Shiv Sena,"11,48,316","5,28,342",46.0 %,"1,68,995",32.00%,AC View
Mumbai North East,7,SC,Maharashtra,Kirit Somaiya,Bharatiya Janta Party,"19,90,340","9,29,549",46.7 %,"7,276",0.80%,AC View
Mumbai North West,8,GEN,Maharashtra,Sunil Dutt,Indian National Congress,"15,53,015","7,13,586",46.0 %,"85,539",12.00%,AC View
Mumbai South,4,GEN,Maharashtra,Jayawanti Mehta,Bharatiya Janta Party,"7,19,281","3,03,022",42.1 %,"10,243",3.40%,AC View
Mumbai South Central,5,GEN,Maharashtra,Mohan Vishnu Rawale,Shiv Sena,"8,12,576","3,69,130",45.4 %,"79,036",21.40%,AC View
Murshidabad,9,GEN,West Bengal,Moinul Hassan,Communist Party Of India (MARXIST),"11,72,830","8,36,120",71.3 %,"1,23,360",14.80%,AC View
Muvattupuzha,12,GEN,Kerala,Adv. P.C. Thomas,Kerala Congress(M),"10,20,153","6,92,278",67.9 %,"76,939",11.10%,AC View
Muzaffarnagar,82,GEN,Uttar Pradesh [1947 - 1999],Saiduzzaman,Indian National Congress,"12,17,407","6,91,547",56.8 %,"25,751",3.70%,AC View
Muzaffarpur,10,GEN,Bihar [1947 - 1999],Captain Jai Na. Pd. Nishad,Janata Dal (United),"10,67,836","7,30,490",68.4 %,"60,720",8.30%,AC View
Mysore,16,GEN,Karnataka,Srikantadatta Narasimharaja Wadiyar,Indian National Congress,"13,02,736","8,99,492",69.1 %,"13,431",1.50%,AC View
Nabadwip,12,GEN,West Bengal,Ananda Mohan Biswas,All India Trinamool Congress,"13,20,358","10,14,379",76.8 %,"39,135",3.90%,AC View
Nagaland,1,ST,Nagaland,K. Asungba Sangtam,Indian National Congress,"9,55,914","7,28,843",76.3 %,"3,53,598",48.50%,AC View
Nagapattinam,30,GEN,Tamil Nadu,"Vijayan, A.K.S.",Dravida Munetra Kazhagam,"10,54,666","6,96,288",66.0 %,"22,466",3.20%,AC View
Nagarkurnool,28,SC,Andhra Pradesh,Dr.Manda Jagannath,Telugu Desam,"12,12,569","8,43,025",69.5 %,"66,900",7.90%,AC View
Nagaur,25,GEN,Rajasthan,Ram Raghunath Choudhary,Indian National Congress,"12,33,531","7,11,267",57.7 %,"48,469",6.80%,AC View
Nagercoil,39,GEN,Tamil Nadu,"Radhakrishnan,p.",Bharatiya Janta Party,"10,57,712","6,21,860",58.8 %,"1,45,643",23.40%,AC View
Nagpur,23,GEN,Maharashtra,Vilas Muttemwar,Indian National Congress,"15,51,380","8,29,946",53.5 %,"72,695",8.80%,AC View
Nainital,4,GEN,Uttar Pradesh [1947 - 1999],Narayan Datt Tiwari,Indian National Congress,"13,68,193","8,03,947",58.8 %,"1,12,407",14.00%,AC View
Nalanda,34,GEN,Bihar [1947 - 1999],George Fernandes,Janata Dal (United),"11,80,008","8,78,611",74.5 %,"1,05,821",12.00%,AC View
Nalgonda,41,GEN,Andhra Pradesh,Gutha Sukender Reddy,Telugu Desam,"14,17,182","9,80,671",69.2 %,"79,735",8.10%,AC View
Nanded,30,GEN,Maharashtra,Khatgaonkar Bhaskarrao Bapurao,Indian National Congress,"11,91,427","7,84,001",65.8 %,"32,575",4.20%,AC View
Nandurbar,15,GEN,Maharashtra,Gavit Manikrao Hodlya,Indian National Congress,"10,79,466","7,10,789",65.9 %,"1,30,771",18.40%,AC View
Nandyal,27,GEN,Andhra Pradesh,Bhuma Nagi Reddy,Telugu Desam,"11,16,553","7,49,179",67.1 %,"72,609",9.70%,AC View
Narasapur,10,GEN,Andhra Pradesh,Uppalapati Venkata Krishnam Raju,Bharatiya Janta Party,"10,20,409","7,33,626",71.9 %,"1,65,948",22.60%,AC View
Narasaraopet,17,GEN,Andhra Pradesh,Janardhanareddy Nedurumalli,Indian National Congress,"12,62,560","8,78,186",69.6 %,"13,882",1.60%,AC View
Nashik,12,ST,Maharashtra,Dhikale Uttamrao Nathuji,Shiv Sena,"13,44,755","7,78,284",57.9 %,"36,812",4.70%,AC View
Nawada,42,SC,Bihar [1947 - 1999],Sanjay Paswan,Bharatiya Janta Party,"11,73,989","8,59,271",73.2 %,"84,085",9.80%,AC View
Nellore,19,SC,Andhra Pradesh,Rajeswaramma Vukkala,Telugu Desam,"11,65,144","7,86,565",67.5 %,"40,453",5.10%,AC View
New Delhi,1,GEN,Delhi [1977 Onwards],Jag Mohan,Bharatiya Janta Party,"5,43,037","2,26,866",41.8 %,"27,893",12.30%,AC View
Nilgiris,18,GEN,Tamil Nadu,"Mathan, M. (Alias) Master Mathan, M.",Bharatiya Janta Party,"13,48,475","7,42,727",55.1 %,"23,959",3.20%,AC View
Nizamabad,34,GEN,Andhra Pradesh,Ganga Reddy Gaddam,Telugu Desam,"11,29,947","7,78,332",68.9 %,"3,436",0.40%,AC View
Nowgong,10,GEN,Assam,Rajen Gohain,Bharatiya Janta Party,"11,13,339","7,81,105",70.2 %,"35,428",4.50%,AC View
Nowrangpur,13,GEN,Orissa,Parsuram Majhi,Bharatiya Janta Party,"10,85,575","6,76,874",62.4 %,"16,151",2.40%,AC View
Ongole,18,GEN,Andhra Pradesh,Karanam Balarama Krishna Murthy,Telugu Desam,"11,90,279","7,92,803",66.6 %,"21,948",2.80%,AC View
Osmanabad,36,GEN,Maharashtra,Kamble Shivaji Vithalrao,Shiv Sena,"9,36,324","6,67,062",71.2 %,"59,073",8.90%,AC View
Ottapalam,8,GEN,Kerala,S. Ajayakumar,Communist Party Of India (MARXIST),"11,03,327","7,84,584",71.1 %,"13,715",1.70%,AC View
Outer Delhi,3,GEN,Delhi [1977 Onwards],Sahib Singh Verma,Bharatiya Janta Party,"31,03,525","12,87,504",41.5 %,"2,02,472",15.70%,AC View
Outer Manipur,2,ST,Manipur,Holkhomang,Nationalist Congress Party,"7,14,411","4,54,615",63.6 %,"28,809",6.30%,AC View
Padrauna,40,GEN,Uttar Pradesh [1947 - 1999],Ram Nagina Mishra,Bharatiya Janta Party,"12,10,405","7,08,154",58.5 %,"26,738",3.80%,AC View
Palamau,54,SC,Bihar [1947 - 1999],Braj Mohan Ram,Bharatiya Janta Party,"10,80,153","5,16,668",47.8 %,"85,125",16.50%,AC View
Palani,22,GEN,Tamil Nadu,"Kumarasamy, P.",All India Anna Dravida Munnetra Kazhagam,"11,59,677","6,82,853",58.9 %,"28,717",4.20%,AC View
Palghat,7,GEN,Kerala,N.N.Krishnadas,Communist Party Of India (MARXIST),"11,32,416","8,15,882",72.1 %,"30,767",3.80%,AC View
Pali,21,GEN,Rajasthan,Pusp Jain,Bharatiya Janta Party,"10,80,520","5,40,250",50.0 %,"1,04,666",19.40%,AC View
Panaji,1,GEN,Goa,Shripad Yasso Naik,Bharatiya Janta Party,"4,13,641","1,91,093",46.2 %,"36,721",19.20%,AC View
Pandharpur,38,SC,Maharashtra,Athawale Ramdas Bandu,Independent,"11,06,361","8,27,541",74.8 %,"2,59,505",31.40%,AC View
Panskura,29,SC,West Bengal,Gita Mukherjee,Communist Party Of India,"9,86,955","8,24,564",83.6 %,"46,858",5.70%,AC View
Parbhani,31,GEN,Maharashtra,Jadhav Suresh Ramrao,Shiv Sena,"10,55,193","7,05,781",66.9 %,"43,665",6.20%,AC View
Parvathipuram,2,ST,Andhra Pradesh,Dadichiluka Veera Gouri Sankara Rao,Telugu Desam,"9,11,609","6,37,051",69.9 %,"13,281",2.10%,AC View
Patan,13,GEN,Gujarat,Rashtrapal Pravinchandra Somabhai,Indian National Congress,"10,03,829","4,86,048",48.4 %,"17,127",3.50%,AC View
Patiala,8,SC,Punjab,Preneet Kaur,Indian National Congress,"13,10,354","7,81,794",59.7 %,"78,908",10.10%,AC View
Patna,35,GEN,Bihar [1947 - 1999],C P Thakur,Bharatiya Janta Party,"14,70,372","8,12,307",55.2 %,"46,892",5.80%,AC View
Peddapalli,36,SC,Andhra Pradesh,Dr.Smt.C. Suguna Kumari,Telugu Desam,"13,30,759","8,96,723",67.4 %,"15,889",1.80%,AC View
Perambalur,28,GEN,Tamil Nadu,Raja. A.,Dravida Munetra Kazhagam,"10,64,321","6,96,057",65.4 %,"68,051",9.80%,AC View
Periyakulam,25,GEN,Tamil Nadu,"Dhinakaran,",All India Anna Dravida Munnetra Kazhagam,"11,21,725","6,65,824",59.4 %,"45,806",6.90%,AC View
Phillaur,5,SC,Punjab,Santosh Chowdhary,Indian National Congress,"11,44,089","6,19,793",54.2 %,"26,578",4.30%,AC View
Phulbani,15,GEN,Orissa,Padmanava Behera,Biju Janata Dal,"11,26,908","6,41,041",56.9 %,"1,02,215",15.90%,AC View
Phulpur,55,GEN,Uttar Pradesh [1947 - 1999],Dharam Raj Singh Patel,Samajwadi Party,"11,83,537","6,90,973",58.4 %,"20,039",2.90%,AC View
Pilibhit,13,GEN,Uttar Pradesh [1947 - 1999],Maneka Gandhi,Independent,"11,39,217","7,56,275",66.4 %,"2,39,855",31.70%,AC View
Pollachi,21,GEN,Tamil Nadu,"Krishnan, Dr.C.",Marumalarchi Dravida Munnetra Kazhagam,"10,74,230","6,13,288",57.1 %,"9,515",1.60%,AC View
Pondicherry,1,GEN,Pondicherry,M O H Farook,Indian National Congress,"7,01,990","4,44,174",63.3 %,"24,188",5.40%,AC View
Ponnani,6,GEN,Kerala,G.M. Banatwalla,Muslim League Kerala State Committee,"11,46,335","6,94,990",60.6 %,"1,29,478",18.60%,AC View
Porbandar,5,GEN,Gujarat,Javiya Gordhanbhai Jadavbhai,Bharatiya Janta Party,"8,94,299","3,31,994",37.1 %,"1,01,360",30.50%,AC View
Pratapgarh,24,GEN,Uttar Pradesh [1947 - 1999],Rajkumari Ratna Singh,Indian National Congress,"11,89,143","5,75,741",48.4 %,"6,003",1.00%,AC View
Pudukkottai,32,GEN,Tamil Nadu,Thirunavukarasu,M.G.R.Anna D.M.Kazhagam,"12,18,297","7,80,964",64.1 %,"64,302",8.20%,AC View
Pune,42,SC,Maharashtra,Pradeep Rawat,Bharatiya Janta Party,"14,35,101","7,49,454",52.2 %,"91,285",12.20%,AC View
Puri,8,SC,Orissa,Braja Kishore Tripathy,Biju Janata Dal,"11,76,817","6,66,936",56.7 %,"1,31,745",19.80%,AC View
Purnea,24,GEN,Bihar [1947 - 1999],Rajesh Ranjan,Independent,"10,85,356","7,02,553",64.7 %,"2,52,566",35.90%,AC View
Purulia,34,GEN,West Bengal,Birsingh Mahato,All India Forward Bloc,"10,08,066","6,92,271",68.7 %,"1,74,870",25.30%,AC View
Quilon,18,GEN,Kerala,P. Rajendran,Communist Party Of India (MARXIST),"10,88,597","7,40,869",68.1 %,"19,284",2.60%,AC View
Rae Bareli,23,GEN,Uttar Pradesh [1947 - 1999],Satish Sharma,Indian National Congress,"11,74,548","6,96,302",59.3 %,"73,549",10.60%,AC View
Raichur,3,GEN,Karnataka,A. Venkatesh Naik,Indian National Congress,"12,26,104","7,22,982",59.0 %,"1,72,206",23.80%,AC View
Raiganj,5,GEN,West Bengal,Priya Ranjan Dasmunsi,Indian National Congress,"11,44,667","8,85,408",77.4 %,"75,255",8.50%,AC View
Raigarh,13,ST,Madhya Pradesh [1947 - 1999],Vishnudeo Sai,Bharatiya Janta Party,"9,75,987","5,79,632",59.4 %,"5,773",1.00%,AC View
Raipur,17,GEN,Madhya Pradesh [1947 - 1999],Ramesh Bais,Bharatiya Janta Party,"11,77,144","6,69,287",56.9 %,"80,060",12.00%,AC View
Rajahmundry,8,GEN,Andhra Pradesh,Satyanarayana Rao S.B.P.B.K,Bharatiya Janta Party,"11,37,225","8,23,798",72.4 %,"60,031",7.30%,AC View
Rajampet,22,GEN,Andhra Pradesh,Gunipati Ramaiah,Telugu Desam,"9,46,311","6,78,817",71.7 %,"27,170",4.00%,AC View
Rajapur,1,ST,Maharashtra,Suresh Prabhu,Shiv Sena,"7,90,537","4,56,224",57.7 %,"1,12,850",24.70%,AC View
Rajgarh,32,GEN,Madhya Pradesh [1947 - 1999],Laxman Singh,Indian National Congress,"11,15,072","6,73,637",60.4 %,"65,693",9.80%,AC View
Rajkot,4,GEN,Gujarat,Dr Kathiriya Vallabhbhai Ramjibhai,Bharatiya Janta Party,"13,79,914","5,58,569",40.5 %,"86,747",15.50%,AC View
Rajmahal,26,ST,Bihar [1947 - 1999],Thomas Hansda,Indian National Congress,"9,50,593","5,69,344",59.9 %,"62,099",10.90%,AC View
Rajnandgaon,22,GEN,Madhya Pradesh [1947 - 1999],Dr. Raman,Bharatiya Janta Party,"10,16,713","6,03,640",59.4 %,"26,715",4.40%,AC View
Ramanathapuram,34,GEN,Tamil Nadu,Malaisamy.K.,All India Anna Dravida Munnetra Kazhagam,"11,15,127","6,41,057",57.5 %,"6,646",1.00%,AC View
Rampur,8,GEN,Uttar Pradesh [1947 - 1999],Begum Noor Bano Urf Mahtab Zamani Begum,Indian National Congress,"13,22,470","8,20,796",62.1 %,"1,15,471",14.10%,AC View
Ramtek,22,ST,Maharashtra,Subodh Mohite,Shiv Sena,"10,50,833","6,89,771",65.6 %,"11,689",1.70%,AC View
Ranchi,49,GEN,Bihar [1947 - 1999],Ram Tahal Choudhary,Bharatiya Janta Party,"11,31,760","5,83,745",51.6 %,"2,41,177",41.30%,AC View
Rasipuram,15,GEN,Tamil Nadu,"Saroja, V. Dr.",All India Anna Dravida Munnetra Kazhagam,"11,61,452","6,43,060",55.4 %,"38,405",6.00%,AC View
Ratnagiri,2,GEN,Maharashtra,Anant Gangaram Geete,Shiv Sena,"8,72,359","5,58,229",64.0 %,"1,15,343",20.70%,AC View
Rewa,9,GEN,Madhya Pradesh [1947 - 1999],Sunder Lal Tiwari,Indian National Congress,"13,69,793","7,48,500",54.6 %,"64,151",8.60%,AC View
Robertsganj,53,SC,Uttar Pradesh [1947 - 1999],Ram Shakal,Bharatiya Janta Party,"14,43,487","7,55,019",52.3 %,"15,928",2.10%,AC View
Rohtak,5,GEN,Haryana,Inder Singh,Indian National Lok Dal,"9,38,878","6,34,235",67.6 %,"1,44,693",22.80%,AC View
Ropar,7,GEN,Punjab,Shamsher Singh,Indian National Congress,"12,66,744","7,18,970",56.8 %,"77,381",10.80%,AC View
Rosera,16,SC,Bihar [1947 - 1999],Ram Chandra Paswan,Janata Dal (United),"10,77,267","7,34,151",68.2 %,"1,42,916",19.50%,AC View
Sabarkantha,15,GEN,Gujarat,Nisha Amarsinh Chaudhary,Indian National Congress,"11,19,855","6,72,849",60.1 %,"14,376",2.10%,AC View
Sagar,5,SC,Madhya Pradesh [1947 - 1999],Virendra Kumar,Bharatiya Janta Party,"11,22,464","5,43,932",48.5 %,"60,473",11.10%,AC View
Saharanpur,84,GEN,Uttar Pradesh [1947 - 1999],Mansoor Ali Khan,Bahujan Samaj Party,"12,61,896","7,78,805",61.7 %,"22,307",2.90%,AC View
Saharsa,20,GEN,Bihar [1947 - 1999],Dinesh Chandra Yadav,Janata Dal (United),"11,42,103","7,32,053",64.1 %,"94,493",12.90%,AC View
Saidpur,49,SC,Uttar Pradesh [1947 - 1999],Tufani Saroj,Samajwadi Party,"13,09,952","7,14,660",54.6 %,"31,371",4.40%,AC View
Salem,16,GEN,Tamil Nadu,"Selvaganapathi, T.M.",All India Anna Dravida Munnetra Kazhagam,"12,57,383","7,43,934",59.2 %,"25,411",3.40%,AC View
Salempur,42,GEN,Uttar Pradesh [1947 - 1999],Babban Rajbhar,Bahujan Samaj Party,"12,65,863","6,47,355",51.1 %,"9,050",1.40%,AC View
Salumber,17,GEN,Rajasthan,Bheru Lal Meena,Indian National Congress,"11,17,315","5,77,100",51.7 %,"52,408",9.10%,AC View
Samastipur,17,GEN,Bihar [1947 - 1999],Manjay Lal,Janata Dal (United),"12,19,110","8,01,021",65.7 %,"12,688",1.60%,AC View
Sambalpur,17,GEN,Orissa,Prasanna Acharya,Biju Janata Dal,"11,90,344","7,02,356",59.0 %,"1,26,963",18.10%,AC View
Sambhal,9,GEN,Uttar Pradesh [1947 - 1999],Mulayam Singh Yadav,Samajwadi Party,"10,81,421","6,29,490",58.2 %,"1,15,834",18.40%,AC View
Sangli,46,GEN,Maharashtra,Prakash (Bapu) Vasantrao Patil,Indian National Congress,"10,31,607","7,35,459",71.3 %,"1,60,560",21.80%,AC View
Sangrur,10,GEN,Punjab,Simranjit Singh Mann,Shiromani Akali Dal (SIMRANJIT SINGH MANN),"11,45,315","7,16,182",62.5 %,"86,317",12.10%,AC View
Sarangarh,16,SC,Madhya Pradesh [1947 - 1999],P. R. Khute,Bharatiya Janta Party,"10,87,904","6,85,971",63.1 %,"51,759",7.50%,AC View
Sasaram,38,SC,Bihar [1947 - 1999],Muni Lall,Bharatiya Janta Party,"11,44,324","6,62,269",57.9 %,"18,676",2.80%,AC View
Satara,44,GEN,Maharashtra,Laxmanrao Pandurang Jadhav Patil,Nationalist Congress Party,"9,84,469","7,03,027",71.4 %,"1,24,771",17.70%,AC View
Satna,8,GEN,Madhya Pradesh [1947 - 1999],Ramanand Singh,Bharatiya Janta Party,"11,89,692","6,25,644",52.6 %,"3,405",0.50%,AC View
Sawai Madhopur,11,ST,Rajasthan,Jaskaur,Bharatiya Janta Party,"11,77,950","5,15,834",43.8 %,"58,881",11.40%,AC View
Secunderabad,31,GEN,Andhra Pradesh,Bandaru Dattatraya,Bharatiya Janta Party,"17,70,024","9,70,791",54.9 %,"97,626",10.10%,AC View
Seoni,26,GEN,Madhya Pradesh [1947 - 1999],Ram Naresh Tripathi,Bharatiya Janta Party,"11,15,422","5,97,615",53.6 %,"15,934",2.70%,AC View
Serampore,26,GEN,West Bengal,Akbor Ali Khandoker,All India Trinamool Congress,"13,25,375","9,25,995",69.9 %,"47,764",5.20%,AC View
Shahabad,16,GEN,Uttar Pradesh [1947 - 1999],Daud Ahmad,Bahujan Samaj Party,"11,28,503","6,49,856",57.6 %,"42,132",6.50%,AC View
Shahdol,11,ST,Madhya Pradesh [1947 - 1999],Dalpat Singh,Bharatiya Janta Party,"11,98,264","5,96,288",49.8 %,"19,901",3.30%,AC View
Shahjahanpur,14,GEN,Uttar Pradesh [1947 - 1999],Kr. Jitendra Prasad,Indian National Congress,"11,30,852","6,83,859",60.5 %,"17,992",2.60%,AC View
Shajapur,33,SC,Madhya Pradesh [1947 - 1999],Thavarchand Gehlot,Bharatiya Janta Party,"11,99,025","7,63,797",63.7 %,"34,666",4.50%,AC View
Sheohar,12,GEN,Bihar [1947 - 1999],Md Anwarul Haque,Rashtriya Janata Dal,"10,83,123","7,26,559",67.1 %,"2,535",0.30%,AC View
Shillong,1,ST,Meghalaya,Paty Ripple Kyndiah,Indian National Congress,"7,24,389","3,69,010",50.9 %,"37,823",10.20%,AC View
Shimoga,21,GEN,Karnataka,S.Bangarappa,Indian National Congress,"11,33,307","8,32,101",73.4 %,"95,038",11.40%,AC View
Sholapur,37,GEN,Maharashtra,Shinde Sushilkumar Sambhajirao,Indian National Congress,"10,26,006","6,30,769",61.5 %,"76,995",12.20%,AC View
Siddipet,32,SC,Andhra Pradesh,M. Rajaiah,Telugu Desam,"16,22,094","10,75,422",66.3 %,"1,53,721",14.30%,AC View
Sidhi,10,ST,Madhya Pradesh [1947 - 1999],Chandra Pratap Singh ( Baba Sahab),Bharatiya Janta Party,"12,63,213","6,15,212",48.7 %,"4,855",0.80%,AC View
Sikar,5,GEN,Rajasthan,Subhash Maharia,Bharatiya Janta Party,"12,90,220","7,55,202",58.5 %,"28,173",3.70%,AC View
Sikkim,1,GEN,Sikkim,Bhim Pd. Dahal,Sikkim Democratic Front,"2,55,377","2,08,670",81.7 %,"21,362",10.20%,AC View
Silchar,2,GEN,Assam,Sontosh Mohan Dev,Indian National Congress,"8,27,760","6,08,528",73.5 %,"1,07,752",17.70%,AC View
Simla,1,GEN,Himachal Pradesh,Lt. Col. Dhani Ram Shandil,Himachal Vikash Congress,"9,45,063","5,04,488",53.4 %,"46,930",9.30%,AC View
Singhbhum,51,ST,Bihar [1947 - 1999],Laxman Gilua,Bharatiya Janta Party,"8,46,629","4,82,318",57.0 %,"82,311",17.10%,AC View
Sirsa,10,GEN,Haryana,Dr. Sushil Kumar Indora,Indian National Lok Dal,"11,00,439","6,41,063",58.3 %,"2,19,726",34.30%,AC View
Sitamarhi,11,GEN,Bihar [1947 - 1999],Nawal Kishore Rai,Janata Dal (United),"11,26,989","7,56,016",67.1 %,"1,01,257",13.40%,AC View
Sitapur,17,GEN,Uttar Pradesh [1947 - 1999],Rajesh Verma,Bahujan Samaj Party,"11,13,415","6,44,865",57.9 %,"36,362",5.60%,AC View
Sivaganga,33,GEN,Tamil Nadu,"Sudarsana Natchiappan,e.M.",Indian National Congress,"11,17,223","6,24,047",55.9 %,"23,811",3.80%,AC View
Sivakasi,35,GEN,Tamil Nadu,Vaiko,Marumalarchi Dravida Munnetra Kazhagam,"12,57,935","7,90,751",62.9 %,"74,781",9.50%,AC View
Siwan,5,GEN,Bihar [1947 - 1999],M Sahabuddin,Rashtriya Janata Dal,"9,89,004","7,09,984",71.8 %,"1,29,840",18.30%,AC View
Sonepat,4,GEN,Haryana,Kishan Singh Sangwan,Bharatiya Janta Party,"10,57,175","6,59,535",62.4 %,"2,66,138",40.40%,AC View
South Delhi,2,GEN,Delhi [1977 Onwards],Vijay Kumar Malhotra,Bharatiya Janta Party,"11,94,198","4,99,990",41.9 %,"29,999",6.00%,AC View
Srikakulam,1,GEN,Andhra Pradesh,Yerrannaidu Kinjarapu,Telugu Desam,"9,85,232","6,76,413",68.7 %,"96,882",14.30%,AC View
Srinagar,2,GEN,Jammu & Kashmir,Omer Abdullah,Jammu & Kashmir National Conference,"8,54,081","1,01,933",11.9 %,"36,859",36.20%,AC View
Sriperumbudur,4,GEN,Tamil Nadu,"Krishnaswamy, A.",Dravida Munetra Kazhagam,"13,53,858","7,44,852",55.0 %,"75,002",10.10%,AC View
Sultanpur,26,GEN,Uttar Pradesh [1947 - 1999],Jai Bhadra Singh,Bahujan Samaj Party,"12,20,728","6,22,094",51.0 %,"14,599",2.30%,AC View
Sundargarh,20,GEN,Orissa,Jual Oram,Bharatiya Janta Party,"11,98,357","6,30,650",52.6 %,"1,52,514",24.20%,AC View
Surat,24,GEN,Gujarat,Kashiram Rana,Bharatiya Janta Party,"19,50,958","6,29,334",32.3 %,"2,49,197",39.60%,AC View
Surendranagar,2,GEN,Gujarat,Makwana Savshibhai Kanjibhai,Indian National Congress,"9,70,544","4,78,887",49.3 %,"25,905",5.40%,AC View
Surguja,12,ST,Madhya Pradesh [1947 - 1999],Khel Sai Singh,Indian National Congress,"10,89,910","5,91,901",54.3 %,"61,426",10.40%,AC View
Tamluk,30,GEN,West Bengal,Lakshman Chandra Seth,Communist Party Of India (MARXIST),"10,98,196","9,19,886",83.8 %,"54,826",6.00%,AC View
Tarn Taran,3,GEN,Punjab,Tarlochan Singh Tur,Shiromani Akali Dal,"11,01,496","5,94,943",54.0 %,"75,617",12.70%,AC View
Tehri Garhwal,1,GEN,Uttar Pradesh [1947 - 1999],Manabendra Shah,Bharatiya Janta Party,"11,61,284","4,90,531",42.2 %,"15,771",3.20%,AC View
Tenali,14,GEN,Andhra Pradesh,Ummareddy Venkateswarlu,Telugu Desam,"9,60,447","6,59,306",68.7 %,"73,029",11.10%,AC View
Tenkasi,37,SC,Tamil Nadu,"Murugesan,s.",All India Anna Dravida Munnetra Kazhagam,"10,44,090","6,77,352",64.9 %,887,0.10%,AC View
Tezpur,9,GEN,Assam,Moni Kumar Subba,Indian National Congress,"9,71,406","7,05,449",72.6 %,"25,706",3.60%,AC View
Thane,10,GEN,Maharashtra,Prakash Paranjpe,Shiv Sena,"27,72,750","9,34,027",33.7 %,"99,683",10.70%,AC View
Thanjavur,31,GEN,Tamil Nadu,Palanimanickam.S.S.,Dravida Munetra Kazhagam,"10,49,837","6,62,025",63.1 %,"33,014",5.00%,AC View
Tindivanam,10,GEN,Tamil Nadu,Ramachandran N. Gingee.,Marumalarchi Dravida Munnetra Kazhagam,"11,28,742","6,95,793",61.6 %,"9,350",1.30%,AC View
Tiruchendur,38,GEN,Tamil Nadu,"Jayaseelan, A.D.K.",Dravida Munetra Kazhagam,"10,40,627","5,44,782",52.4 %,"59,666",11.00%,AC View
Tiruchengode,17,GEN,Tamil Nadu,"Kannappan, M.",Marumalarchi Dravida Munnetra Kazhagam,"15,27,064","8,46,112",55.4 %,"4,556",0.50%,AC View
Tiruchirappalli,27,SC,Tamil Nadu,Arangarajan Kumaramangalam,Bharatiya Janta Party,"12,45,971","7,02,752",56.4 %,"89,197",12.70%,AC View
Tirunelveli,36,GEN,Tamil Nadu,"Pandian, P.H.",All India Anna Dravida Munnetra Kazhagam,"11,21,877","6,10,963",54.5 %,"26,494",4.30%,AC View
Tirupathi,20,SC,Andhra Pradesh,Dr.N.Venkataswamy,Bharatiya Janta Party,"11,99,710","8,24,694",68.7 %,"12,497",1.50%,AC View
Tiruppattur,8,GEN,Tamil Nadu,"Venugopal, D.",Dravida Munetra Kazhagam,"11,44,891","7,46,109",65.2 %,"23,613",3.20%,AC View
Tonk,13,GEN,Rajasthan,Shyam Lal Bansiwal,Bharatiya Janta Party,"11,38,478","5,46,453",48.0 %,"48,358",8.80%,AC View
Trichur,9,SC,Kerala,A.C. Jose,Indian National Congress,"10,71,266","7,37,054",68.8 %,"11,632",1.60%,AC View
Tripura East,2,ST,Tripura,Baju Ban Riyan,Communist Party Of India (MARXIST),"8,54,764","5,64,376",66.0 %,"1,50,500",26.70%,AC View
Tripura West,1,GEN,Tripura,Samar Chowdhury,Communist Party Of India (MARXIST),"9,41,291","6,59,408",70.1 %,"1,98,399",30.10%,AC View
Trivandrum,20,GEN,Kerala,Advocate V.S. Sivakumar,Indian National Congress,"11,98,918","7,57,497",63.2 %,"14,485",1.90%,AC View
Tumkur,8,GEN,Karnataka,G.S.Basavaraj,Indian National Congress,"10,86,936","8,00,907",73.7 %,"63,937",8.00%,AC View
Tura,2,ST,Meghalaya,Purno Agitok Sangma,Nationalist Congress Party,"4,53,861","2,92,647",64.5 %,"1,13,579",38.80%,AC View
Udaipur,18,GEN,Rajasthan,Girija Vyas,Indian National Congress,"12,56,888","7,09,780",56.5 %,"54,091",7.60%,AC View
Udhampur,5,GEN,Jammu & Kashmir,Prof. Chaman Lal Gupta,Bharatiya Janta Party,"10,16,952","4,03,210",39.7 %,"1,18,307",29.30%,AC View
Udupi,18,SC,Karnataka,Vinay Kumar Sorake,Indian National Congress,"10,23,798","6,97,132",68.1 %,"31,587",4.50%,AC View
Ujjain,38,SC,Madhya Pradesh [1947 - 1999],Dr. Satyanarayan Jatiya,Bharatiya Janta Party,"11,07,836","6,73,742",60.8 %,"68,038",10.10%,AC View
Uluberia,25,GEN,West Bengal,Hannan Mollah,Communist Party Of India (MARXIST),"11,01,065","8,18,915",74.4 %,"67,577",8.30%,AC View
Unnao,22,GEN,Uttar Pradesh [1947 - 1999],Deepak Kumar,Samajwadi Party,"12,01,204","5,99,503",49.9 %,"37,775",6.30%,AC View
Vaishali,9,GEN,Bihar [1947 - 1999],Raghuvansh Prasad Singh,Rashtriya Janata Dal,"10,49,006","7,21,601",68.8 %,"45,392",6.30%,AC View
Vandavasi,9,GEN,Tamil Nadu,"Durai, M.",Pattali Makkal Katchi,"11,04,886","6,79,992",61.5 %,"59,197",8.70%,AC View
Varanasi,52,GEN,Uttar Pradesh [1947 - 1999],Shankar Prasad Jaiswal,Bharatiya Janta Party,"14,07,844","6,33,826",45.0 %,"52,859",8.30%,AC View
Vellore,7,GEN,Tamil Nadu,"Shanmugam, N.T.",Pattali Makkal Katchi,"11,52,421","7,02,639",61.0 %,"25,685",3.70%,AC View
Vidisha,31,GEN,Madhya Pradesh [1947 - 1999],Shivraj Singh Chauhan,Bharatiya Janta Party,"11,71,691","6,55,686",56.0 %,"82,397",12.60%,AC View
Vijayawada,13,GEN,Andhra Pradesh,Gadde Rama Mohan,Telugu Desam,"13,84,393","9,47,325",68.4 %,"87,066",9.20%,AC View
Visakhapatnam,4,GEN,Andhra Pradesh,M.V.V.S.Murthy,Telugu Desam,"14,20,606","9,14,936",64.4 %,"38,919",4.30%,AC View
Vishnupur,36,GEN,West Bengal,Sandhya Bauri,Communist Party Of India (MARXIST),"10,71,817","8,46,339",79.0 %,"1,81,570",21.50%,AC View
Warangal,39,GEN,Andhra Pradesh,Bodakunti Venkateshwarlu,Telugu Desam,"11,32,718","8,55,702",75.5 %,"13,366",1.60%,AC View
Wardha,27,GEN,Maharashtra,Prabha Rao,Indian National Congress,"10,79,969","6,82,935",63.2 %,"7,062",1.00%,AC View
Washim,20,ST,Maharashtra,Bhawana Pundlikrao Gawali,Shiv Sena,"10,04,211","6,78,010",67.5 %,"39,595",5.80%,AC View
Yavatmal,28,GEN,Maharashtra,Uttamrao Deorao Patil,Indian National Congress,"10,07,605","6,48,805",64.4 %,"15,226",2.30%,AC View